target_pitch_type,target_pitch_label,term,beta,std_error,p_value,n_obs,r_squared
FF,4-seam fastball (FF),Intercept,0.48366309818813585,0.010576251021160353,0.0,209296,0.11756878241399715
FF,4-seam fastball (FF),"C(count, Treatment(reference=""0-0""))[T.0-1]",-0.09723183758226672,0.05369986818121381,0.07019455320189834,209296,0.11756878241399715
FF,4-seam fastball (FF),"C(count, Treatment(reference=""0-0""))[T.0-2]",-0.07325746171854725,0.05381726373153974,0.17344226199547075,209296,0.11756878241399715
FF,4-seam fastball (FF),"C(count, Treatment(reference=""0-0""))[T.1-0]",-0.07698504780945539,0.05366060546772616,0.15138228876645698,209296,0.11756878241399715
FF,4-seam fastball (FF),"C(count, Treatment(reference=""0-0""))[T.1-1]",-0.10736816664082355,0.05376231704672506,0.04581544566084926,209296,0.11756878241399715
FF,4-seam fastball (FF),"C(count, Treatment(reference=""0-0""))[T.1-2]",-0.08965788630704086,0.053775928854841414,0.09546481914903625,209296,0.11756878241399715
FF,4-seam fastball (FF),"C(count, Treatment(reference=""0-0""))[T.2-0]",-0.028505116039993204,0.053943105969522315,0.5972014274420505,209296,0.11756878241399715
FF,4-seam fastball (FF),"C(count, Treatment(reference=""0-0""))[T.2-1]",-0.07496008360094765,0.05384149248842177,0.16385083520875743,209296,0.11756878241399715
FF,4-seam fastball (FF),"C(count, Treatment(reference=""0-0""))[T.2-2]",-0.08822166550458348,0.05378552347554192,0.10095334921236337,209296,0.11756878241399715
FF,4-seam fastball (FF),"C(count, Treatment(reference=""0-0""))[T.3-0]",0.26753252556588425,0.05448084324149314,9.08075150361703e-07,209296,0.11756878241399715
FF,4-seam fastball (FF),"C(count, Treatment(reference=""0-0""))[T.3-1]",0.020090795591352753,0.05410443577687852,0.7103890655903629,209296,0.11756878241399715
FF,4-seam fastball (FF),"C(count, Treatment(reference=""0-0""))[T.3-2]",-0.021059469160751514,0.053854891051872675,0.6957669479874034,209296,0.11756878241399715
FF,4-seam fastball (FF),"C(prev_pitch_type, Treatment(reference=""START""))[T.CH]",0.08396075532575534,0.05375546044320459,0.11831110291392873,209296,0.11756878241399715
FF,4-seam fastball (FF),"C(prev_pitch_type, Treatment(reference=""START""))[T.CS]",0.10699739431526942,0.06336603566487203,0.09130365712052144,209296,0.11756878241399715
FF,4-seam fastball (FF),"C(prev_pitch_type, Treatment(reference=""START""))[T.CU]",0.0630754684514479,0.05377057542644236,0.2407765389453127,209296,0.11756878241399715
FF,4-seam fastball (FF),"C(prev_pitch_type, Treatment(reference=""START""))[T.FC]",0.028609134535187312,0.053758758613239505,0.5946039309277249,209296,0.11756878241399715
FF,4-seam fastball (FF),"C(prev_pitch_type, Treatment(reference=""START""))[T.FF]",0.07847842199430587,0.05368796056124479,0.14380949713189325,209296,0.11756878241399715
FF,4-seam fastball (FF),"C(prev_pitch_type, Treatment(reference=""START""))[T.FS]",0.04460697203693731,0.05411067735547587,0.4097319489608656,209296,0.11756878241399715
FF,4-seam fastball (FF),"C(prev_pitch_type, Treatment(reference=""START""))[T.KC]",0.0364720572708499,0.05422645934345479,0.5012095386297482,209296,0.11756878241399715
FF,4-seam fastball (FF),"C(prev_pitch_type, Treatment(reference=""START""))[T.PO]",-0.07086451780431358,0.11830578520948554,0.5491765345133389,209296,0.11756878241399715
FF,4-seam fastball (FF),"C(prev_pitch_type, Treatment(reference=""START""))[T.SI]",-0.003632934869201937,0.05367962261292991,0.9460418829699584,209296,0.11756878241399715
FF,4-seam fastball (FF),"C(prev_pitch_type, Treatment(reference=""START""))[T.SL]",0.027751237102929625,0.05375525351198492,0.6056786763856923,209296,0.11756878241399715
FF,4-seam fastball (FF),"C(prev_pitch_type, Treatment(reference=""START""))[T.ST]",0.03970866008195915,0.0538118063697248,0.4605647368967316,209296,0.11756878241399715
FF,4-seam fastball (FF),"C(prev_pitch_type, Treatment(reference=""START""))[T.SV]",0.009289802864500018,0.05542261986209047,0.8668841762937854,209296,0.11756878241399715
FF,4-seam fastball (FF),"C(prev_pitch_type, Treatment(reference=""START""))[T.UN]",0.040148874120674964,0.19892755471923282,0.8400522773805383,209296,0.11756878241399715
FF,4-seam fastball (FF),"C(stand, Treatment(reference=""L""))[T.R]",-0.04424659580411664,0.002011588589117922,3.1558262558880036e-107,209296,0.11756878241399715
FF,4-seam fastball (FF),C(pitcher_name)[T.Andrew Abbott],0.023059674457302073,0.014974025649570469,0.12356564473376244,209296,0.11756878241399715
FF,4-seam fastball (FF),C(pitcher_name)[T.Andrew Heaney],-0.006017636864515092,0.015941653974529412,0.7058177952030265,209296,0.11756878241399715
FF,4-seam fastball (FF),C(pitcher_name)[T.Antonio Senzatela],0.12060998198834738,0.015432262808475981,5.4769730208412545e-15,209296,0.11756878241399715
FF,4-seam fastball (FF),C(pitcher_name)[T.Bailey Ober],-0.0846288809524392,0.015156662608727544,2.3557772872793805e-08,209296,0.11756878241399715
FF,4-seam fastball (FF),C(pitcher_name)[T.Brad Lord],0.042048574857498605,0.015810235876425494,0.007823832740343102,209296,0.11756878241399715
FF,4-seam fastball (FF),C(pitcher_name)[T.Brady Singer],-0.3270582424679996,0.012253184711255272,5.877221678103648e-157,209296,0.11756878241399715
FF,4-seam fastball (FF),C(pitcher_name)[T.Brandon Pfaadt],-0.2040695076936113,0.013583834876177217,5.1929998397112173e-51,209296,0.11756878241399715
FF,4-seam fastball (FF),C(pitcher_name)[T.Brayan Bello],-0.2890818850665482,0.01296209188747251,3.5255217813839673e-110,209296,0.11756878241399715
FF,4-seam fastball (FF),C(pitcher_name)[T.Bryan Woo],0.02646275151938816,0.014821754990742774,0.07419656627935095,209296,0.11756878241399715
FF,4-seam fastball (FF),C(pitcher_name)[T.Bryce Elder],-0.30922708890731576,0.012622288048883977,1.532631790705814e-132,209296,0.11756878241399715
FF,4-seam fastball (FF),C(pitcher_name)[T.Cal Quantrill],-0.2748386040990355,0.01382254558502275,5.67099017360742e-88,209296,0.11756878241399715
FF,4-seam fastball (FF),C(pitcher_name)[T.Carlos Rodón],-0.01744808122020804,0.014132158806242249,0.21696576216511076,209296,0.11756878241399715
FF,4-seam fastball (FF),C(pitcher_name)[T.Casey Mize],-0.1067436192146109,0.015021500541398825,1.1940625911879173e-12,209296,0.11756878241399715
FF,4-seam fastball (FF),C(pitcher_name)[T.Charlie Morton],-0.18157638453407368,0.014287615705350394,5.293682789796658e-37,209296,0.11756878241399715
FF,4-seam fastball (FF),C(pitcher_name)[T.Chris Bassitt],-0.33966175138598687,0.012111822872915387,4.7518850142230254e-173,209296,0.11756878241399715
FF,4-seam fastball (FF),C(pitcher_name)[T.Chris Paddack],-0.025104018932232425,0.01505365116227078,0.0953878974446931,209296,0.11756878241399715
FF,4-seam fastball (FF),C(pitcher_name)[T.Clay Holmes],-0.3748374171721264,0.011582461515823662,9.25446577792596e-230,209296,0.11756878241399715
FF,4-seam fastball (FF),C(pitcher_name)[T.Colin Rea],-0.023941751055704084,0.014974396870336004,0.10985487681101447,209296,0.11756878241399715
FF,4-seam fastball (FF),C(pitcher_name)[T.Cristopher Sánchez],-0.4164351403893901,0.010501319114456266,0.0,209296,0.11756878241399715
FF,4-seam fastball (FF),C(pitcher_name)[T.David Peterson],-0.20879278732733397,0.013757844423294516,5.0783719762121455e-52,209296,0.11756878241399715
FF,4-seam fastball (FF),C(pitcher_name)[T.Davis Martin],-0.12573708082852497,0.015002809836844318,5.252356401938979e-17,209296,0.11756878241399715
FF,4-seam fastball (FF),C(pitcher_name)[T.Dean Kremer],-0.17746461713941764,0.014014486785605917,9.487735759947061e-37,209296,0.11756878241399715
FF,4-seam fastball (FF),C(pitcher_name)[T.Drew Rasmussen],-0.0836101052377135,0.015182653958811918,3.6510540183963665e-08,209296,0.11756878241399715
FF,4-seam fastball (FF),C(pitcher_name)[T.Dustin May],-0.27093594780852126,0.013784359206047819,5.206285062677337e-86,209296,0.11756878241399715
FF,4-seam fastball (FF),C(pitcher_name)[T.Dylan Cease],-0.009839746901145634,0.01431768687535097,0.4919288712912516,209296,0.11756878241399715
FF,4-seam fastball (FF),C(pitcher_name)[T.Eduardo Rodriguez],0.02185676519185694,0.01506518233023206,0.14683188658809115,209296,0.11756878241399715
FF,4-seam fastball (FF),C(pitcher_name)[T.Edward Cabrera],-0.31478015125923253,0.013017452090816976,3.491971435017336e-129,209296,0.11756878241399715
FF,4-seam fastball (FF),C(pitcher_name)[T.Erick Fedde],-0.42040934476075337,0.010838932026167755,0.0,209296,0.11756878241399715
FF,4-seam fastball (FF),C(pitcher_name)[T.Framber Valdez],-0.41924702872223163,0.010585882199212542,0.0,209296,0.11756878241399715
FF,4-seam fastball (FF),C(pitcher_name)[T.Freddy Peralta],0.07095014632807822,0.01440001544721284,8.346408092220281e-07,209296,0.11756878241399715
FF,4-seam fastball (FF),C(pitcher_name)[T.Garrett Crochet],-0.07092365954227248,0.014106463158963686,4.962885613294052e-07,209296,0.11756878241399715
FF,4-seam fastball (FF),C(pitcher_name)[T.Gavin Williams],-0.07975300800817013,0.014412133870147042,3.13472764357851e-08,209296,0.11756878241399715
FF,4-seam fastball (FF),C(pitcher_name)[T.Germán Márquez],-0.09810864312248388,0.015318457063685863,1.507606936562517e-10,209296,0.11756878241399715
FF,4-seam fastball (FF),C(pitcher_name)[T.Hunter Brown],-0.06067442080269487,0.014343601081330773,2.3361974994514617e-05,209296,0.11756878241399715
FF,4-seam fastball (FF),C(pitcher_name)[T.JP Sears],-0.02689659569372083,0.015401776636053032,0.08075350061624938,209296,0.11756878241399715
FF,4-seam fastball (FF),C(pitcher_name)[T.Jack Flaherty],0.0244755426034258,0.014732213777703743,0.09664073138110002,209296,0.11756878241399715
FF,4-seam fastball (FF),C(pitcher_name)[T.Jack Leiter],-0.06946043473232821,0.014967590943755103,3.471932622673563e-06,209296,0.11756878241399715
FF,4-seam fastball (FF),C(pitcher_name)[T.Jacob deGrom],0.008823440802842236,0.015056866876990945,0.5578703013604653,209296,0.11756878241399715
FF,4-seam fastball (FF),C(pitcher_name)[T.Jake Irvin],-0.12820053230342857,0.01412127390635805,1.1004222885184986e-19,209296,0.11756878241399715
FF,4-seam fastball (FF),C(pitcher_name)[T.Jeffrey Springs],-0.014667306591921888,0.014654148453320512,0.3168761660222069,209296,0.11756878241399715
FF,4-seam fastball (FF),C(pitcher_name)[T.Jesús Luzardo],-0.09706817574628909,0.014189463325819192,7.871746835600604e-12,209296,0.11756878241399715
FF,4-seam fastball (FF),C(pitcher_name)[T.Joe Ryan],0.0514319259311222,0.0148621900009013,0.0005389957462335722,209296,0.11756878241399715
FF,4-seam fastball (FF),C(pitcher_name)[T.Jose Quintana],-0.31063817203685357,0.01304077890584658,2.0470268559090613e-125,209296,0.11756878241399715
FF,4-seam fastball (FF),C(pitcher_name)[T.José Berríos],-0.25369754249592213,0.01375309687494668,5.555575873876656e-76,209296,0.11756878241399715
FF,4-seam fastball (FF),C(pitcher_name)[T.José Soriano],-0.3424735285837459,0.011989369424089227,1.841581093494261e-179,209296,0.11756878241399715
FF,4-seam fastball (FF),C(pitcher_name)[T.Justin Verlander],-0.00480453001704481,0.01493755012449333,0.7477246055614921,209296,0.11756878241399715
FF,4-seam fastball (FF),C(pitcher_name)[T.Kevin Gausman],0.08876017367092554,0.014509981602047299,9.52455814515885e-10,209296,0.11756878241399715
FF,4-seam fastball (FF),C(pitcher_name)[T.Kyle Freeland],-0.10177630658013645,0.014747429911350102,5.1532015334683855e-12,209296,0.11756878241399715
FF,4-seam fastball (FF),C(pitcher_name)[T.Kyle Hendricks],-0.29116584583089006,0.013094649023326424,1.5588209245304044e-109,209296,0.11756878241399715
FF,4-seam fastball (FF),C(pitcher_name)[T.Logan Allen],-0.10034049338768114,0.014533998623336947,5.061304213380951e-12,209296,0.11756878241399715
FF,4-seam fastball (FF),C(pitcher_name)[T.Logan Gilbert],-0.07464823122814171,0.015465888487033912,1.3885781075988517e-06,209296,0.11756878241399715
FF,4-seam fastball (FF),C(pitcher_name)[T.Logan Webb],-0.35476915044003704,0.011733864139381028,8.306387479941035e-201,209296,0.11756878241399715
FF,4-seam fastball (FF),C(pitcher_name)[T.Lucas Giolito],0.025745965081950307,0.015452728519816753,0.09569125497712588,209296,0.11756878241399715
FF,4-seam fastball (FF),C(pitcher_name)[T.Luis Castillo],0.020019154759776926,0.014549739836784582,0.16884902595848306,209296,0.11756878241399715
FF,4-seam fastball (FF),C(pitcher_name)[T.Luis Severino],-0.1574774504160193,0.014169463408308495,1.0741222447741762e-28,209296,0.11756878241399715
FF,4-seam fastball (FF),C(pitcher_name)[T.MacKenzie Gore],0.04845138841320722,0.014741518351909295,0.0010135801839103744,209296,0.11756878241399715
FF,4-seam fastball (FF),C(pitcher_name)[T.Matthew Boyd],0.024519578967431087,0.014933181280743328,0.10059978414288101,209296,0.11756878241399715
FF,4-seam fastball (FF),C(pitcher_name)[T.Matthew Liberatore],-0.14233655202052622,0.0147024312696046,3.6258747415352686e-22,209296,0.11756878241399715
FF,4-seam fastball (FF),C(pitcher_name)[T.Max Fried],-0.30203963637802717,0.01241816465700167,1.1359675638633571e-130,209296,0.11756878241399715
FF,4-seam fastball (FF),C(pitcher_name)[T.Merrill Kelly],-0.22334270635882975,0.013589615237884262,1.0776688786840166e-60,209296,0.11756878241399715
FF,4-seam fastball (FF),C(pitcher_name)[T.Michael Lorenzen],-0.2203351110408595,0.014114669728831693,6.188437895028618e-55,209296,0.11756878241399715
FF,4-seam fastball (FF),C(pitcher_name)[T.Michael Wacha],-0.17807883809674768,0.01409394894598106,1.3517532839445178e-36,209296,0.11756878241399715
FF,4-seam fastball (FF),C(pitcher_name)[T.Miles Mikolas],-0.16404524517258356,0.014442012912311331,6.698989877969067e-30,209296,0.11756878241399715
FF,4-seam fastball (FF),C(pitcher_name)[T.Mitch Keller],-0.09571415600074093,0.014257204293520597,1.901555091897086e-11,209296,0.11756878241399715
FF,4-seam fastball (FF),C(pitcher_name)[T.Mitchell Parker],0.11379149612854686,0.014801581439766861,1.496945885035701e-14,209296,0.11756878241399715
FF,4-seam fastball (FF),C(pitcher_name)[T.Nick Lodolo],-0.15951313666483147,0.014589137030583631,7.954442284195568e-28,209296,0.11756878241399715
FF,4-seam fastball (FF),C(pitcher_name)[T.Nick Martinez],-0.22449540953364105,0.013726397450734722,4.006225495127306e-60,209296,0.11756878241399715
FF,4-seam fastball (FF),C(pitcher_name)[T.Nick Pivetta],0.026268254157588142,0.014681214790323612,0.0735757621382421,209296,0.11756878241399715
FF,4-seam fastball (FF),C(pitcher_name)[T.Noah Cameron],-0.17813815503304997,0.014721919551954205,1.0535557350111687e-33,209296,0.11756878241399715
FF,4-seam fastball (FF),C(pitcher_name)[T.Patrick Corbin],-0.3928355650805837,0.011016182024579551,1.657091238401017e-278,209296,0.11756878241399715
FF,4-seam fastball (FF),C(pitcher_name)[T.Paul Skenes],-0.05455652286063855,0.014383116609861895,0.0001487814045012396,209296,0.11756878241399715
FF,4-seam fastball (FF),C(pitcher_name)[T.Quinn Priester],-0.41763750903258323,0.0104928119324569,0.0,209296,0.11756878241399715
FF,4-seam fastball (FF),C(pitcher_name)[T.Randy Vásquez],-0.22713595124568026,0.014148583359926938,5.392680224022755e-58,209296,0.11756878241399715
FF,4-seam fastball (FF),C(pitcher_name)[T.Ranger Suarez],-0.27825455530398224,0.013129738394174965,1.1152499747620008e-99,209296,0.11756878241399715
FF,4-seam fastball (FF),C(pitcher_name)[T.Robbie Ray],0.07231967253935775,0.014400452190370904,5.112505849977949e-07,209296,0.11756878241399715
FF,4-seam fastball (FF),C(pitcher_name)[T.Ryan Pepiot],0.002210606507664036,0.014756380436296896,0.8809170242348249,209296,0.11756878241399715
FF,4-seam fastball (FF),C(pitcher_name)[T.Ryne Nelson],0.17586046019988616,0.01500738467378741,1.0275895014945581e-31,209296,0.11756878241399715
FF,4-seam fastball (FF),C(pitcher_name)[T.Sandy Alcantara],-0.26386410700529717,0.013020036189936841,2.566712112560259e-91,209296,0.11756878241399715
FF,4-seam fastball (FF),C(pitcher_name)[T.Sean Burke],-0.010085940816174895,0.0153802215206091,0.5119699062859862,209296,0.11756878241399715
FF,4-seam fastball (FF),C(pitcher_name)[T.Seth Lugo],-0.2430357998587199,0.013896803564336946,1.7496821881758501e-68,209296,0.11756878241399715
FF,4-seam fastball (FF),C(pitcher_name)[T.Shane Baz],-0.01136826866179801,0.014801700897731902,0.44246461303175844,209296,0.11756878241399715
FF,4-seam fastball (FF),C(pitcher_name)[T.Shane Smith],-0.006682429443642352,0.015250393753345828,0.661255239478252,209296,0.11756878241399715
FF,4-seam fastball (FF),C(pitcher_name)[T.Shota Imanaga],0.04453236624394824,0.01596973098926786,0.005294485150911794,209296,0.11756878241399715
FF,4-seam fastball (FF),C(pitcher_name)[T.Slade Cecconi],-0.029628291049224688,0.015875778486877927,0.06200534446401689,209296,0.11756878241399715
FF,4-seam fastball (FF),C(pitcher_name)[T.Sonny Gray],-0.22458951582569056,0.013487805776094756,2.9609387782991416e-62,209296,0.11756878241399715
FF,4-seam fastball (FF),C(pitcher_name)[T.Spencer Strider],0.057205717368273165,0.015864698066892637,0.00031113314234088697,209296,0.11756878241399715
FF,4-seam fastball (FF),C(pitcher_name)[T.Taijuan Walker],-0.3403663538900539,0.012697397506898769,2.7510967281832963e-158,209296,0.11756878241399715
FF,4-seam fastball (FF),C(pitcher_name)[T.Taj Bradley],-0.05759386163911326,0.015237450545236692,0.00015698143547144907,209296,0.11756878241399715
FF,4-seam fastball (FF),C(pitcher_name)[T.Tanner Bibee],-0.1688222443002847,0.013851852295493397,3.614722585901628e-34,209296,0.11756878241399715
FF,4-seam fastball (FF),C(pitcher_name)[T.Tarik Skubal],-0.13313621437419215,0.014180545564069908,6.0772751267829995e-21,209296,0.11756878241399715
FF,4-seam fastball (FF),C(pitcher_name)[T.Tomoyuki Sugano],-0.25067365479863235,0.013576529155608617,4.0426576038008035e-76,209296,0.11756878241399715
FF,4-seam fastball (FF),C(pitcher_name)[T.Tyler Anderson],-0.0701267063243755,0.015245522613070698,4.228499714233201e-06,209296,0.11756878241399715
FF,4-seam fastball (FF),C(pitcher_name)[T.Walker Buehler],-0.18297516121827812,0.014612337362964163,5.661668575846349e-36,209296,0.11756878241399715
FF,4-seam fastball (FF),C(pitcher_name)[T.Will Warren],-0.03676024430314219,0.014608768963790689,0.011858960474514336,209296,0.11756878241399715
FF,4-seam fastball (FF),C(pitcher_name)[T.Yoshinobu Yamamoto],-0.09574244188117023,0.014471597443115445,3.6933240557845395e-11,209296,0.11756878241399715
FF,4-seam fastball (FF),C(pitcher_name)[T.Yusei Kikuchi],-0.09000766562554394,0.014219076744665118,2.4505955295047724e-10,209296,0.11756878241399715
FF,4-seam fastball (FF),C(pitcher_name)[T.Zac Gallen],-0.004972256980407038,0.014249304526799622,0.727128840426547,209296,0.11756878241399715
FF,4-seam fastball (FF),C(pitcher_name)[T.Zack Littell],-0.1943234684301978,0.013764524532443931,2.954662058518792e-45,209296,0.11756878241399715
FF,4-seam fastball (FF),C(pitcher_name)[T.Zack Wheeler],-0.037807058582001535,0.015243945355285062,0.013133225742132198,209296,0.11756878241399715
SI,sinker (SI),Intercept,0.12139536669915178,0.007148838021340361,1.1327863818474525e-64,209296,0.15725504350308828
SI,sinker (SI),"C(count, Treatment(reference=""0-0""))[T.0-1]",-0.10459096091770348,0.04892953243549645,0.032550562548410794,209296,0.15725504350308828
SI,sinker (SI),"C(count, Treatment(reference=""0-0""))[T.0-2]",-0.17490616376832824,0.04896507911022801,0.0003541852507875083,209296,0.15725504350308828
SI,sinker (SI),"C(count, Treatment(reference=""0-0""))[T.1-0]",-0.05204555781382927,0.04891403227965586,0.2873191838897231,209296,0.15725504350308828
SI,sinker (SI),"C(count, Treatment(reference=""0-0""))[T.1-1]",-0.09868229472512673,0.048975282294459334,0.04391085183971695,209296,0.15725504350308828
SI,sinker (SI),"C(count, Treatment(reference=""0-0""))[T.1-2]",-0.14754411985656998,0.04896127927408647,0.002582651269631952,209296,0.15725504350308828
SI,sinker (SI),"C(count, Treatment(reference=""0-0""))[T.2-0]",-0.012326277505530068,0.04913580639137411,0.8019212635084276,209296,0.15725504350308828
SI,sinker (SI),"C(count, Treatment(reference=""0-0""))[T.2-1]",-0.06696725044412044,0.0490362874537497,0.17204343702617386,209296,0.15725504350308828
SI,sinker (SI),"C(count, Treatment(reference=""0-0""))[T.2-2]",-0.11411959774126995,0.048979166275364326,0.01980815797115539,209296,0.15725504350308828
SI,sinker (SI),"C(count, Treatment(reference=""0-0""))[T.3-0]",0.002983085007673334,0.04963092468949983,0.9520717144081982,209296,0.15725504350308828
SI,sinker (SI),"C(count, Treatment(reference=""0-0""))[T.3-1]",0.007458482742935518,0.049270024344566385,0.8796761821387881,209296,0.15725504350308828
SI,sinker (SI),"C(count, Treatment(reference=""0-0""))[T.3-2]",-0.060069020614678545,0.04903948051998293,0.220608590277673,209296,0.15725504350308828
SI,sinker (SI),"C(prev_pitch_type, Treatment(reference=""START""))[T.CH]",0.026307088089324613,0.04894763300610062,0.5909542355934186,209296,0.15725504350308828
SI,sinker (SI),"C(prev_pitch_type, Treatment(reference=""START""))[T.CS]",0.04417138284886224,0.05327177705276234,0.40700796885483737,209296,0.15725504350308828
SI,sinker (SI),"C(prev_pitch_type, Treatment(reference=""START""))[T.CU]",0.04654076349779231,0.048962313541629776,0.3418366324606753,209296,0.15725504350308828
SI,sinker (SI),"C(prev_pitch_type, Treatment(reference=""START""))[T.FC]",0.06654403530206317,0.049007412846596425,0.1745156909040444,209296,0.15725504350308828
SI,sinker (SI),"C(prev_pitch_type, Treatment(reference=""START""))[T.FF]",0.03491125121002794,0.0489037237936263,0.47530314485744163,209296,0.15725504350308828
SI,sinker (SI),"C(prev_pitch_type, Treatment(reference=""START""))[T.FS]",0.044479314325430744,0.04906482090541927,0.36464911559141955,209296,0.15725504350308828
SI,sinker (SI),"C(prev_pitch_type, Treatment(reference=""START""))[T.KC]",0.04515675822668939,0.0491092239529971,0.35782530362353326,209296,0.15725504350308828
SI,sinker (SI),"C(prev_pitch_type, Treatment(reference=""START""))[T.PO]",0.018829677970971744,0.10265950574493954,0.8544694669500233,209296,0.15725504350308828
SI,sinker (SI),"C(prev_pitch_type, Treatment(reference=""START""))[T.SI]",0.1096625251044023,0.04898724758238207,0.02518238941389408,209296,0.15725504350308828
SI,sinker (SI),"C(prev_pitch_type, Treatment(reference=""START""))[T.SL]",0.07671401814808967,0.048959644142305726,0.11714211811248615,209296,0.15725504350308828
SI,sinker (SI),"C(prev_pitch_type, Treatment(reference=""START""))[T.ST]",0.08911800495747497,0.04906567491214155,0.06932430397212257,209296,0.15725504350308828
SI,sinker (SI),"C(prev_pitch_type, Treatment(reference=""START""))[T.SV]",0.0840155205159565,0.051327217491876714,0.10165951661152738,209296,0.15725504350308828
SI,sinker (SI),"C(prev_pitch_type, Treatment(reference=""START""))[T.UN]",0.055388702954178054,0.16256247639664362,0.7333124541840323,209296,0.15725504350308828
SI,sinker (SI),"C(stand, Treatment(reference=""L""))[T.R]",0.06546316638908542,0.0016525791915548403,0.0,209296,0.15725504350308828
SI,sinker (SI),C(pitcher_name)[T.Andrew Abbott],-0.13101043656460967,0.007253001054886028,6.242190604250947e-73,209296,0.15725504350308828
SI,sinker (SI),C(pitcher_name)[T.Andrew Heaney],-0.025943858989424307,0.01069928990368216,0.015315951584309737,209296,0.15725504350308828
SI,sinker (SI),C(pitcher_name)[T.Antonio Senzatela],-0.1154440218932215,0.00738641550529872,4.6029777856068e-55,209296,0.15725504350308828
SI,sinker (SI),C(pitcher_name)[T.Bailey Ober],-0.08407900044732342,0.008129600659721237,4.533851577118341e-25,209296,0.15725504350308828
SI,sinker (SI),C(pitcher_name)[T.Brad Lord],0.05754168982583582,0.011467945212323515,5.231793239157121e-07,209296,0.15725504350308828
SI,sinker (SI),C(pitcher_name)[T.Brady Singer],0.26877119085825185,0.012507933826539825,2.0136460784992793e-102,209296,0.15725504350308828
SI,sinker (SI),C(pitcher_name)[T.Brandon Pfaadt],0.1060134482987807,0.011083210195771489,1.1195289218248584e-21,209296,0.15725504350308828
SI,sinker (SI),C(pitcher_name)[T.Brayan Bello],0.2192574662266653,0.012232508145694676,7.639198533974455e-72,209296,0.15725504350308828
SI,sinker (SI),C(pitcher_name)[T.Bryan Woo],0.13512565451122344,0.011530289872356663,1.0163947931171093e-31,209296,0.15725504350308828
SI,sinker (SI),C(pitcher_name)[T.Bryce Elder],0.2794212579005261,0.012938255971726476,1.936819493498533e-103,209296,0.15725504350308828
SI,sinker (SI),C(pitcher_name)[T.Cal Quantrill],0.08260302666865678,0.012311171029674108,1.9515934177752812e-11,209296,0.15725504350308828
SI,sinker (SI),C(pitcher_name)[T.Carlos Rodón],-0.04262059909194888,0.00934590381335382,5.106825806643395e-06,209296,0.15725504350308828
SI,sinker (SI),C(pitcher_name)[T.Casey Mize],0.009008144234827407,0.010363433810535004,0.3847246836886681,209296,0.15725504350308828
SI,sinker (SI),C(pitcher_name)[T.Charlie Morton],0.03103017321081391,0.010501698341004109,0.0031289546488087647,209296,0.15725504350308828
SI,sinker (SI),C(pitcher_name)[T.Chris Bassitt],0.2723070538634074,0.012357356466203147,1.3005920677708365e-107,209296,0.15725504350308828
SI,sinker (SI),C(pitcher_name)[T.Chris Paddack],-0.061697338884738266,0.008513728894994469,4.2671549038289356e-13,209296,0.15725504350308828
SI,sinker (SI),C(pitcher_name)[T.Clay Holmes],0.26091585635154435,0.012385595870966088,1.6289653288640003e-98,209296,0.15725504350308828
SI,sinker (SI),C(pitcher_name)[T.Colin Rea],-0.015800152408574714,0.009782852614795457,0.10629198133167948,209296,0.15725504350308828
SI,sinker (SI),C(pitcher_name)[T.Cristopher Sánchez],0.30933405514120604,0.01249093812791059,2.1544309076196146e-135,209296,0.15725504350308828
SI,sinker (SI),C(pitcher_name)[T.David Peterson],0.14841852972768696,0.01204452434137185,6.854472467745598e-35,209296,0.15725504350308828
SI,sinker (SI),C(pitcher_name)[T.Davis Martin],-0.015999774956134416,0.009803390911566127,0.10266571296582566,209296,0.15725504350308828
SI,sinker (SI),C(pitcher_name)[T.Dean Kremer],0.06783302292004365,0.01090450645010188,4.951270122470797e-10,209296,0.15725504350308828
SI,sinker (SI),C(pitcher_name)[T.Drew Rasmussen],0.11048780750670198,0.012048856442686504,4.7309409440051456e-20,209296,0.15725504350308828
SI,sinker (SI),C(pitcher_name)[T.Dustin May],0.20301215604543082,0.013189126842590732,1.8411054770338471e-53,209296,0.15725504350308828
SI,sinker (SI),C(pitcher_name)[T.Dylan Cease],-0.08776965608995138,0.008070881769996884,1.5189977220795063e-27,209296,0.15725504350308828
SI,sinker (SI),C(pitcher_name)[T.Eduardo Rodriguez],-0.04765336051536981,0.009755927961917817,1.0366303836539587e-06,209296,0.15725504350308828
SI,sinker (SI),C(pitcher_name)[T.Edward Cabrera],0.07820720175244163,0.011577642258977124,1.4281583175035293e-11,209296,0.15725504350308828
SI,sinker (SI),C(pitcher_name)[T.Erick Fedde],0.1888354321237664,0.012765133053048293,1.6238952206608854e-49,209296,0.15725504350308828
SI,sinker (SI),C(pitcher_name)[T.Framber Valdez],0.30179231795137407,0.012435386212911468,4.183911095738627e-130,209296,0.15725504350308828
SI,sinker (SI),C(pitcher_name)[T.Freddy Peralta],-0.11168155637250153,0.007193223431830744,2.3158497905692246e-54,209296,0.15725504350308828
SI,sinker (SI),C(pitcher_name)[T.Garrett Crochet],0.01812490004577177,0.010332849822111733,0.07941257498237864,209296,0.15725504350308828
SI,sinker (SI),C(pitcher_name)[T.Gavin Williams],-0.06220856349678561,0.00866625563827053,7.060852806102261e-13,209296,0.15725504350308828
SI,sinker (SI),C(pitcher_name)[T.Germán Márquez],0.07734590373940062,0.011970456698214655,1.0373899605207046e-10,209296,0.15725504350308828
SI,sinker (SI),C(pitcher_name)[T.Hunter Brown],0.10399737300743034,0.010838316962400573,8.3638128655914005e-22,209296,0.15725504350308828
SI,sinker (SI),C(pitcher_name)[T.JP Sears],-0.07753726056494255,0.009330918308919717,9.593317122840203e-17,209296,0.15725504350308828
SI,sinker (SI),C(pitcher_name)[T.Jack Flaherty],-0.0995552189193239,0.00757497700716142,1.8755914370860497e-39,209296,0.15725504350308828
SI,sinker (SI),C(pitcher_name)[T.Jack Leiter],-0.00010563825551457556,0.010128226066823889,0.991678147352291,209296,0.15725504350308828
SI,sinker (SI),C(pitcher_name)[T.Jacob deGrom],-0.11738928697002768,0.007206904351250768,1.192162815859906e-59,209296,0.15725504350308828
SI,sinker (SI),C(pitcher_name)[T.Jake Irvin],0.10069844221000071,0.010868722263925797,1.951226709080318e-20,209296,0.15725504350308828
SI,sinker (SI),C(pitcher_name)[T.Jeffrey Springs],-0.1392970161336818,0.007233428330803636,1.2237287296582609e-82,209296,0.15725504350308828
SI,sinker (SI),C(pitcher_name)[T.Jesús Luzardo],-0.03996798648276581,0.009579929155491508,3.0186541619931165e-05,209296,0.15725504350308828
SI,sinker (SI),C(pitcher_name)[T.Joe Ryan],0.006173412863579218,0.00994066015663223,0.5345822218897847,209296,0.15725504350308828
SI,sinker (SI),C(pitcher_name)[T.Jose Quintana],0.28198088290887835,0.013882329752514588,1.0027612894033587e-91,209296,0.15725504350308828
SI,sinker (SI),C(pitcher_name)[T.José Berríos],0.1999093874212584,0.012752842700521126,2.218637830215814e-55,209296,0.15725504350308828
SI,sinker (SI),C(pitcher_name)[T.José Soriano],0.35811690638185156,0.012652889159130657,3.158747677626088e-176,209296,0.15725504350308828
SI,sinker (SI),C(pitcher_name)[T.Justin Verlander],-0.11349469236830406,0.007334542480649863,5.197662260215328e-54,209296,0.15725504350308828
SI,sinker (SI),C(pitcher_name)[T.Kevin Gausman],-0.11222904368605813,0.007306067120544601,2.9858309311682457e-53,209296,0.15725504350308828
SI,sinker (SI),C(pitcher_name)[T.Kyle Freeland],-0.07864776258964026,0.008940649372034865,1.4096119985292115e-18,209296,0.15725504350308828
SI,sinker (SI),C(pitcher_name)[T.Kyle Hendricks],0.25867577336055836,0.012843797877495951,3.2846545584533105e-90,209296,0.15725504350308828
SI,sinker (SI),C(pitcher_name)[T.Logan Allen],-0.017526302547630386,0.010248102150658902,0.08722892729259266,209296,0.15725504350308828
SI,sinker (SI),C(pitcher_name)[T.Logan Gilbert],-0.10496695334757518,0.0076617031468672585,1.01229040549374e-42,209296,0.15725504350308828
SI,sinker (SI),C(pitcher_name)[T.Logan Webb],0.20306397881538987,0.011482091345558165,5.445172728585731e-70,209296,0.15725504350308828
SI,sinker (SI),C(pitcher_name)[T.Lucas Giolito],-0.11630524189499802,0.007230710286810865,3.255848602863296e-58,209296,0.15725504350308828
SI,sinker (SI),C(pitcher_name)[T.Luis Castillo],0.09649984508344772,0.01088190585357866,7.45264039665502e-19,209296,0.15725504350308828
SI,sinker (SI),C(pitcher_name)[T.Luis Severino],0.06169586664159827,0.010961807146493587,1.820398363415249e-08,209296,0.15725504350308828
SI,sinker (SI),C(pitcher_name)[T.MacKenzie Gore],-0.12858818394541321,0.007232742675609574,1.034961252764462e-70,209296,0.15725504350308828
SI,sinker (SI),C(pitcher_name)[T.Matthew Boyd],-0.09830030909399125,0.008125593692505066,1.087233890944569e-33,209296,0.15725504350308828
SI,sinker (SI),C(pitcher_name)[T.Matthew Liberatore],-0.033479831952868265,0.010238338040081235,0.00107530160146081,209296,0.15725504350308828
SI,sinker (SI),C(pitcher_name)[T.Max Fried],0.023599737261128927,0.010542228087907363,0.02518253825130493,209296,0.15725504350308828
SI,sinker (SI),C(pitcher_name)[T.Merrill Kelly],0.01007490317188427,0.010012940968037358,0.31432504142578366,209296,0.15725504350308828
SI,sinker (SI),C(pitcher_name)[T.Michael Lorenzen],0.05651718226287448,0.011335423780467126,6.167705554504365e-07,209296,0.15725504350308828
SI,sinker (SI),C(pitcher_name)[T.Michael Wacha],0.00651153965001454,0.01009830315553401,0.5190469324767625,209296,0.15725504350308828
SI,sinker (SI),C(pitcher_name)[T.Miles Mikolas],0.049584040539431544,0.01096276059806527,6.098305879772284e-06,209296,0.15725504350308828
SI,sinker (SI),C(pitcher_name)[T.Mitch Keller],0.046537617949285626,0.010427985535932702,8.090989206379448e-06,209296,0.15725504350308828
SI,sinker (SI),C(pitcher_name)[T.Mitchell Parker],-0.13189556393356655,0.0072355032917724585,3.041526816162046e-74,209296,0.15725504350308828
SI,sinker (SI),C(pitcher_name)[T.Nick Lodolo],0.08539333673957805,0.01169555093818875,2.848898836929723e-13,209296,0.15725504350308828
SI,sinker (SI),C(pitcher_name)[T.Nick Martinez],0.03729045535658512,0.010627792069405357,0.00045018763481799093,209296,0.15725504350308828
SI,sinker (SI),C(pitcher_name)[T.Nick Pivetta],-0.09980287976381319,0.007778429624099136,1.1032904551046484e-37,209296,0.15725504350308828
SI,sinker (SI),C(pitcher_name)[T.Noah Cameron],-0.14008419978558,0.007282321721970549,1.84228304371317e-82,209296,0.15725504350308828
SI,sinker (SI),C(pitcher_name)[T.Patrick Corbin],0.13207861106173047,0.01238607838992324,1.5085682943450262e-26,209296,0.15725504350308828
SI,sinker (SI),C(pitcher_name)[T.Paul Skenes],-0.015494475419844556,0.009377188648675878,0.09846153261647157,209296,0.15725504350308828
SI,sinker (SI),C(pitcher_name)[T.Quinn Priester],0.25673454307777616,0.013061368165593838,5.134415996386846e-86,209296,0.15725504350308828
SI,sinker (SI),C(pitcher_name)[T.Randy Vásquez],0.057330441066951565,0.011377889044687877,4.6855998500742213e-07,209296,0.15725504350308828
SI,sinker (SI),C(pitcher_name)[T.Ranger Suarez],0.13827354303551942,0.012465054136109745,1.3581904127138186e-28,209296,0.15725504350308828
SI,sinker (SI),C(pitcher_name)[T.Robbie Ray],-0.13521422985517811,0.007219602799696728,2.8854262757868737e-78,209296,0.15725504350308828
SI,sinker (SI),C(pitcher_name)[T.Ryan Pepiot],-0.09090433821930927,0.00788042350304617,8.741499912651736e-31,209296,0.15725504350308828
SI,sinker (SI),C(pitcher_name)[T.Ryne Nelson],-0.1180217150591005,0.007209049103177858,3.0644809767756774e-60,209296,0.15725504350308828
SI,sinker (SI),C(pitcher_name)[T.Sandy Alcantara],0.13391154261490124,0.011357679043559327,4.374750066510753e-32,209296,0.15725504350308828
SI,sinker (SI),C(pitcher_name)[T.Sean Burke],-0.07391742945616853,0.008493918411081427,3.2495348287709895e-18,209296,0.15725504350308828
SI,sinker (SI),C(pitcher_name)[T.Seth Lugo],0.026871479803603552,0.010769703871533226,0.012592191184961098,209296,0.15725504350308828
SI,sinker (SI),C(pitcher_name)[T.Shane Baz],-0.11697915935700058,0.007194819285686917,1.9347667556014712e-59,209296,0.15725504350308828
SI,sinker (SI),C(pitcher_name)[T.Shane Smith],0.00851949371438085,0.010220270841309713,0.4045132681315404,209296,0.15725504350308828
SI,sinker (SI),C(pitcher_name)[T.Shota Imanaga],-0.11993719774244635,0.00784581651170058,9.368168295647192e-53,209296,0.15725504350308828
SI,sinker (SI),C(pitcher_name)[T.Slade Cecconi],-0.004572754684617353,0.0103720946465678,0.6593064628945098,209296,0.15725504350308828
SI,sinker (SI),C(pitcher_name)[T.Sonny Gray],0.05447306749753765,0.010733273931171043,3.8717292498291817e-07,209296,0.15725504350308828
SI,sinker (SI),C(pitcher_name)[T.Spencer Strider],-0.12098602296858801,0.007222114960546895,5.460734906988628e-63,209296,0.15725504350308828
SI,sinker (SI),C(pitcher_name)[T.Taijuan Walker],0.060237035847044984,0.011986237347634203,5.020788959715773e-07,209296,0.15725504350308828
SI,sinker (SI),C(pitcher_name)[T.Taj Bradley],-0.03709792622577364,0.009557522248616944,0.00010379612269981225,209296,0.15725504350308828
SI,sinker (SI),C(pitcher_name)[T.Tanner Bibee],0.031937874056025904,0.010172265204751384,0.0016912019096464571,209296,0.15725504350308828
SI,sinker (SI),C(pitcher_name)[T.Tarik Skubal],0.10035031575418082,0.011491149097506452,2.4836599893142427e-18,209296,0.15725504350308828
SI,sinker (SI),C(pitcher_name)[T.Tomoyuki Sugano],0.034598346369388966,0.010720415726393331,0.001249501607082493,209296,0.15725504350308828
SI,sinker (SI),C(pitcher_name)[T.Tyler Anderson],-0.0966001996333228,0.008488826133396365,5.278776488717821e-30,209296,0.15725504350308828
SI,sinker (SI),C(pitcher_name)[T.Walker Buehler],0.03452383365676389,0.011174213400374772,0.0020042719267506152,209296,0.15725504350308828
SI,sinker (SI),C(pitcher_name)[T.Will Warren],0.08205788185290815,0.010838577837774194,3.706228392428189e-14,209296,0.15725504350308828
SI,sinker (SI),C(pitcher_name)[T.Yoshinobu Yamamoto],-0.04425587255958374,0.009083663153883677,1.1045781191493668e-06,209296,0.15725504350308828
SI,sinker (SI),C(pitcher_name)[T.Yusei Kikuchi],-0.1298619593306449,0.007567327313943005,5.212227352046016e-66,209296,0.15725504350308828
SI,sinker (SI),C(pitcher_name)[T.Zac Gallen],-0.0954764034747457,0.007653687115119901,1.0276822207003621e-35,209296,0.15725504350308828
SI,sinker (SI),C(pitcher_name)[T.Zack Littell],0.020558956619291864,0.010398183630759297,0.04802263597280749,209296,0.15725504350308828
SI,sinker (SI),C(pitcher_name)[T.Zack Wheeler],0.04812567247097392,0.010895982795062308,1.0016026791356712e-05,209296,0.15725504350308828
CH,changeup (CH),Intercept,-0.01930787465495394,0.0015412218830952926,5.2707096017386686e-36,209296,0.10476534355157907
CH,changeup (CH),"C(count, Treatment(reference=""0-0""))[T.0-1]",0.08979873774306688,0.04982757487353711,0.07151557878153746,209296,0.10476534355157907
CH,changeup (CH),"C(count, Treatment(reference=""0-0""))[T.0-2]",0.07195588062288655,0.049871077908685266,0.14906614393423484,209296,0.10476534355157907
CH,changeup (CH),"C(count, Treatment(reference=""0-0""))[T.1-0]",0.05978136666765832,0.04977472651871943,0.22973623773845542,209296,0.10476534355157907
CH,changeup (CH),"C(count, Treatment(reference=""0-0""))[T.1-1]",0.09490926761901086,0.04985888816935092,0.0569678197723269,209296,0.10476534355157907
CH,changeup (CH),"C(count, Treatment(reference=""0-0""))[T.1-2]",0.07635802695267183,0.049856456242089994,0.12563167949573084,209296,0.10476534355157907
CH,changeup (CH),"C(count, Treatment(reference=""0-0""))[T.2-0]",0.025402962184969274,0.049915358902717366,0.6108077706407642,209296,0.10476534355157907
CH,changeup (CH),"C(count, Treatment(reference=""0-0""))[T.2-1]",0.060206905713708354,0.049893255488359205,0.2275421835130046,209296,0.10476534355157907
CH,changeup (CH),"C(count, Treatment(reference=""0-0""))[T.2-2]",0.07519223211000373,0.04986192459238504,0.13155221811908419,209296,0.10476534355157907
CH,changeup (CH),"C(count, Treatment(reference=""0-0""))[T.3-0]",-0.048717540748613786,0.04991197506777288,0.32903018137122253,209296,0.10476534355157907
CH,changeup (CH),"C(count, Treatment(reference=""0-0""))[T.3-1]",0.0010708402345558574,0.0499394204184914,0.9828924442345947,209296,0.10476534355157907
CH,changeup (CH),"C(count, Treatment(reference=""0-0""))[T.3-2]",0.0312077623928909,0.04987270916968713,0.5314800549803045,209296,0.10476534355157907
CH,changeup (CH),"C(prev_pitch_type, Treatment(reference=""START""))[T.CH]",0.049408288887592994,0.049897429272721755,0.3220777983211197,209296,0.10476534355157907
CH,changeup (CH),"C(prev_pitch_type, Treatment(reference=""START""))[T.CS]",0.01684921602034522,0.056860380708513895,0.7669810400253095,209296,0.10476534355157907
CH,changeup (CH),"C(prev_pitch_type, Treatment(reference=""START""))[T.CU]",0.009411688881388852,0.04987877370684086,0.8503347985374414,209296,0.10476534355157907
CH,changeup (CH),"C(prev_pitch_type, Treatment(reference=""START""))[T.FC]",-0.007373470785630068,0.04985666892465948,0.8824269206197087,209296,0.10476534355157907
CH,changeup (CH),"C(prev_pitch_type, Treatment(reference=""START""))[T.FF]",-0.015877776616207408,0.04980239504412581,0.7498664065117486,209296,0.10476534355157907
CH,changeup (CH),"C(prev_pitch_type, Treatment(reference=""START""))[T.FS]",-0.03798641451519638,0.049797581234737376,0.4455728646840833,209296,0.10476534355157907
CH,changeup (CH),"C(prev_pitch_type, Treatment(reference=""START""))[T.KC]",-0.0202500848566095,0.04997586798150705,0.6853325176633083,209296,0.10476534355157907
CH,changeup (CH),"C(prev_pitch_type, Treatment(reference=""START""))[T.PO]",0.11225081020872474,0.1375417533329722,0.4144305312089398,209296,0.10476534355157907
CH,changeup (CH),"C(prev_pitch_type, Treatment(reference=""START""))[T.SI]",-0.02770196491658823,0.04982747283428485,0.5782398032995901,209296,0.10476534355157907
CH,changeup (CH),"C(prev_pitch_type, Treatment(reference=""START""))[T.SL]",-0.033559849591527156,0.049842485749235936,0.5007449172968718,209296,0.10476534355157907
CH,changeup (CH),"C(prev_pitch_type, Treatment(reference=""START""))[T.ST]",-0.029316173597951425,0.049866587136792796,0.5566047063889528,209296,0.10476534355157907
CH,changeup (CH),"C(prev_pitch_type, Treatment(reference=""START""))[T.SV]",-0.02600921548718365,0.0511871690981512,0.6113693116858988,209296,0.10476534355157907
CH,changeup (CH),"C(prev_pitch_type, Treatment(reference=""START""))[T.UN]",-0.00904350358364625,0.147719370003702,0.9511833347323537,209296,0.10476534355157907
CH,changeup (CH),"C(stand, Treatment(reference=""L""))[T.R]",-0.026843202172524068,0.001283538581703732,4.0405935907335565e-97,209296,0.10476534355157907
CH,changeup (CH),C(pitcher_name)[T.Andrew Abbott],0.1842212691874474,0.008689304650921242,9.364408927550518e-100,209296,0.10476534355157907
CH,changeup (CH),C(pitcher_name)[T.Andrew Heaney],0.1640275646219647,0.009280957539781502,6.702956328774676e-70,209296,0.10476534355157907
CH,changeup (CH),C(pitcher_name)[T.Antonio Senzatela],0.07022863687477766,0.006297318590229367,6.989734511086527e-29,209296,0.10476534355157907
CH,changeup (CH),C(pitcher_name)[T.Bailey Ober],0.266218862114158,0.010492055484587504,4.9627279369382046e-142,209296,0.10476534355157907
CH,changeup (CH),C(pitcher_name)[T.Brad Lord],0.12267944441419526,0.008125099523799762,1.648482543263735e-51,209296,0.10476534355157907
CH,changeup (CH),C(pitcher_name)[T.Brady Singer],-0.0004874488589987709,0.0013237906632990251,0.7127076998457522,209296,0.10476534355157907
CH,changeup (CH),C(pitcher_name)[T.Brandon Pfaadt],0.1395845940030713,0.007416145991439186,5.013423784352237e-79,209296,0.10476534355157907
CH,changeup (CH),C(pitcher_name)[T.Brayan Bello],0.1406542638450974,0.007629220836098385,6.723973216451121e-76,209296,0.10476534355157907
CH,changeup (CH),C(pitcher_name)[T.Bryan Woo],0.06297757147092778,0.005463095541560477,9.553431198548218e-31,209296,0.10476534355157907
CH,changeup (CH),C(pitcher_name)[T.Bryce Elder],0.1003123632419305,0.006708520845687956,1.4893754380886275e-50,209296,0.10476534355157907
CH,changeup (CH),C(pitcher_name)[T.Cal Quantrill],-0.0014715246855757419,0.0018440779510151876,0.4248860734325981,209296,0.10476534355157907
CH,changeup (CH),C(pitcher_name)[T.Carlos Rodón],0.1592654998668142,0.00720285089614985,2.452452678288453e-108,209296,0.10476534355157907
CH,changeup (CH),C(pitcher_name)[T.Casey Mize],-0.00044656713447047646,0.0017269905634004243,0.7959584607496574,209296,0.10476534355157907
CH,changeup (CH),C(pitcher_name)[T.Charlie Morton],0.08310997412827048,0.006721981251102117,4.097293071641621e-35,209296,0.10476534355157907
CH,changeup (CH),C(pitcher_name)[T.Chris Bassitt],0.02994013060389103,0.004286712170547948,2.8606731053783885e-12,209296,0.10476534355157907
CH,changeup (CH),C(pitcher_name)[T.Chris Paddack],0.21444899737575673,0.009345212540266469,1.5616767089683486e-116,209296,0.10476534355157907
CH,changeup (CH),C(pitcher_name)[T.Clay Holmes],0.14964467809885756,0.007625509248172294,9.603798950156802e-86,209296,0.10476534355157907
CH,changeup (CH),C(pitcher_name)[T.Colin Rea],-0.00569993336290474,0.00132061863431557,1.588039177666467e-05,209296,0.10476534355157907
CH,changeup (CH),C(pitcher_name)[T.Cristopher Sánchez],0.3593394652117315,0.00994721472394677,9.312048658803986e-286,209296,0.10476534355157907
CH,changeup (CH),C(pitcher_name)[T.David Peterson],0.14378232944165104,0.007674259103697369,2.534664715661243e-78,209296,0.10476534355157907
CH,changeup (CH),C(pitcher_name)[T.Davis Martin],0.23038232599341038,0.009898451286689784,8.021404488241604e-120,209296,0.10476534355157907
CH,changeup (CH),C(pitcher_name)[T.Dean Kremer],-0.006625033584370232,0.0014498178056414532,4.887425849925255e-06,209296,0.10476534355157907
CH,changeup (CH),C(pitcher_name)[T.Drew Rasmussen],0.0024691889096002707,0.0030455906625604357,0.417513726887056,209296,0.10476534355157907
CH,changeup (CH),C(pitcher_name)[T.Dustin May],0.007141885269095136,0.0027018430068520487,0.008209295158308831,209296,0.10476534355157907
CH,changeup (CH),C(pitcher_name)[T.Dylan Cease],0.010431240227613799,0.002282066140359344,4.854876631813067e-06,209296,0.10476534355157907
CH,changeup (CH),C(pitcher_name)[T.Eduardo Rodriguez],0.19421471875976593,0.008799153482393152,5.87643068420848e-108,209296,0.10476534355157907
CH,changeup (CH),C(pitcher_name)[T.Edward Cabrera],0.24229705223570097,0.010308883973688747,3.7372969667721343e-122,209296,0.10476534355157907
CH,changeup (CH),C(pitcher_name)[T.Erick Fedde],0.10543153255725847,0.007271208747278545,1.2139147730975471e-47,209296,0.10476534355157907
CH,changeup (CH),C(pitcher_name)[T.Framber Valdez],0.1685941018814351,0.008003696264493699,1.6828675400801758e-98,209296,0.10476534355157907
CH,changeup (CH),C(pitcher_name)[T.Freddy Peralta],0.19547452721348968,0.008267683605216583,1.3864949308227189e-123,209296,0.10476534355157907
CH,changeup (CH),C(pitcher_name)[T.Garrett Crochet],0.042223180757951576,0.0041253808008011855,1.3822693354576707e-24,209296,0.10476534355157907
CH,changeup (CH),C(pitcher_name)[T.Gavin Williams],-0.008352054720502279,0.0016452675151871256,3.8463008589172247e-07,209296,0.10476534355157907
CH,changeup (CH),C(pitcher_name)[T.Germán Márquez],0.022200601516473357,0.0038214906279994635,6.269381165072065e-09,209296,0.10476534355157907
CH,changeup (CH),C(pitcher_name)[T.Hunter Brown],0.10724427661782826,0.006566046159649169,5.733692186428442e-60,209296,0.10476534355157907
CH,changeup (CH),C(pitcher_name)[T.JP Sears],0.14974551944835188,0.008368876153867446,1.3336287480746115e-71,209296,0.10476534355157907
CH,changeup (CH),C(pitcher_name)[T.Jack Flaherty],0.022111137353198182,0.0035438539851336006,4.395577571506701e-10,209296,0.10476534355157907
CH,changeup (CH),C(pitcher_name)[T.Jack Leiter],0.1572444722113605,0.008349770876660167,4.113901388814241e-79,209296,0.10476534355157907
CH,changeup (CH),C(pitcher_name)[T.Jacob deGrom],0.10940562522825478,0.006957499970401443,1.0219677562043854e-55,209296,0.10476534355157907
CH,changeup (CH),C(pitcher_name)[T.Jake Irvin],0.060437341979894546,0.0054377863121032035,1.0685176844192915e-28,209296,0.10476534355157907
CH,changeup (CH),C(pitcher_name)[T.Jeffrey Springs],0.2457066600965711,0.008993839334538121,2.4925609622223042e-164,209296,0.10476534355157907
CH,changeup (CH),C(pitcher_name)[T.Jesús Luzardo],0.1753031755067781,0.00788083270185219,1.282313512305929e-109,209296,0.10476534355157907
CH,changeup (CH),C(pitcher_name)[T.Joe Ryan],-0.00202280345122544,0.0011956778530729714,0.09069118695827273,209296,0.10476534355157907
CH,changeup (CH),C(pitcher_name)[T.Jose Quintana],0.21635676589934577,0.010115453322242554,1.701039487141396e-101,209296,0.10476534355157907
CH,changeup (CH),C(pitcher_name)[T.José Berríos],0.15636720270428642,0.008255133955029963,5.1589788384817905e-80,209296,0.10476534355157907
CH,changeup (CH),C(pitcher_name)[T.José Soriano],0.004362312940106024,0.001818664955064704,0.01645632087105853,209296,0.10476534355157907
CH,changeup (CH),C(pitcher_name)[T.Justin Verlander],0.0771134122482809,0.006163431107182022,6.463982921242072e-36,209296,0.10476534355157907
CH,changeup (CH),C(pitcher_name)[T.Kevin Gausman],0.0006252121122960778,0.0012611653096241285,0.6200767306404121,209296,0.10476534355157907
CH,changeup (CH),C(pitcher_name)[T.Kyle Freeland],0.06052386740161843,0.005515971346807772,5.1832793905341e-28,209296,0.10476534355157907
CH,changeup (CH),C(pitcher_name)[T.Kyle Hendricks],0.3590489947355511,0.01053114570310464,9.048897433743498e-255,209296,0.10476534355157907
CH,changeup (CH),C(pitcher_name)[T.Logan Allen],0.17432682395971888,0.00821016176717569,4.728560719970359e-100,209296,0.10476534355157907
CH,changeup (CH),C(pitcher_name)[T.Logan Gilbert],-0.0031760643145040002,0.001255537521660311,0.01141779590452224,209296,0.10476534355157907
CH,changeup (CH),C(pitcher_name)[T.Logan Webb],0.2301986277674144,0.008360033147571255,6.580854530108597e-167,209296,0.10476534355157907
CH,changeup (CH),C(pitcher_name)[T.Lucas Giolito],0.21068620358386653,0.009650710779629767,1.1740525307640097e-105,209296,0.10476534355157907
CH,changeup (CH),C(pitcher_name)[T.Luis Castillo],0.10670407816543802,0.006478305652680995,5.929651050692898e-61,209296,0.10476534355157907
CH,changeup (CH),C(pitcher_name)[T.Luis Severino],0.04921180555613232,0.004959754769575041,3.332414014941197e-23,209296,0.10476534355157907
CH,changeup (CH),C(pitcher_name)[T.MacKenzie Gore],0.09152962478050157,0.006404799877984263,2.4977414716093983e-46,209296,0.10476534355157907
CH,changeup (CH),C(pitcher_name)[T.Matthew Boyd],0.22638318040907718,0.009229403840887268,7.341542527972198e-133,209296,0.10476534355157907
CH,changeup (CH),C(pitcher_name)[T.Matthew Liberatore],0.11692423480772654,0.007616082729990846,3.4195356923604864e-53,209296,0.10476534355157907
CH,changeup (CH),C(pitcher_name)[T.Max Fried],0.10481269305098673,0.006387831147728901,1.6713691632275506e-60,209296,0.10476534355157907
CH,changeup (CH),C(pitcher_name)[T.Merrill Kelly],0.2497969901395691,0.009286290222128372,2.2232425795895287e-159,209296,0.10476534355157907
CH,changeup (CH),C(pitcher_name)[T.Michael Lorenzen],0.1568780377809118,0.00866295186247554,2.7025539987928374e-73,209296,0.10476534355157907
CH,changeup (CH),C(pitcher_name)[T.Michael Wacha],0.24065695382486677,0.009456459319997512,7.251106167913265e-143,209296,0.10476534355157907
CH,changeup (CH),C(pitcher_name)[T.Miles Mikolas],0.10035384583254542,0.007211348224635898,5.057551782111508e-44,209296,0.10476534355157907
CH,changeup (CH),C(pitcher_name)[T.Mitch Keller],0.06167845491616906,0.005261862097351098,9.856427610137721e-32,209296,0.10476534355157907
CH,changeup (CH),C(pitcher_name)[T.Mitchell Parker],-7.021610694620114e-05,0.0014276760233673177,0.9607741750176951,209296,0.10476534355157907
CH,changeup (CH),C(pitcher_name)[T.Nick Lodolo],0.2039332224043934,0.009471516528271188,7.943047627670179e-103,209296,0.10476534355157907
CH,changeup (CH),C(pitcher_name)[T.Nick Martinez],0.1799633026695462,0.008739154654374175,3.186964593018579e-94,209296,0.10476534355157907
CH,changeup (CH),C(pitcher_name)[T.Nick Pivetta],-0.009473789488361178,0.0015204975748667998,4.6430636460158056e-10,209296,0.10476534355157907
CH,changeup (CH),C(pitcher_name)[T.Noah Cameron],0.18245986604959435,0.009474078534262867,1.1898985598567512e-82,209296,0.10476534355157907
CH,changeup (CH),C(pitcher_name)[T.Patrick Corbin],0.0996594074082548,0.006643084937120812,7.126459451028375e-51,209296,0.10476534355157907
CH,changeup (CH),C(pitcher_name)[T.Paul Skenes],0.09807944391182183,0.006349321958551997,7.87545586728309e-54,209296,0.10476534355157907
CH,changeup (CH),C(pitcher_name)[T.Quinn Priester],0.01324874914190265,0.0030558110776206567,1.4536855707131336e-05,209296,0.10476534355157907
CH,changeup (CH),C(pitcher_name)[T.Randy Vásquez],0.060648470846743116,0.006110075053624291,3.2094068136305354e-23,209296,0.10476534355157907
CH,changeup (CH),C(pitcher_name)[T.Ranger Suarez],0.18445962324755366,0.008889745064402425,1.2333561276810473e-95,209296,0.10476534355157907
CH,changeup (CH),C(pitcher_name)[T.Robbie Ray],0.12426256022755854,0.0067281745595659,3.669130044759458e-76,209296,0.10476534355157907
CH,changeup (CH),C(pitcher_name)[T.Ryan Pepiot],0.23573149722818496,0.009235711153014753,1.0699789371914977e-143,209296,0.10476534355157907
CH,changeup (CH),C(pitcher_name)[T.Ryne Nelson],0.017283499922764976,0.0036875451225133094,2.7724780471766553e-06,209296,0.10476534355157907
CH,changeup (CH),C(pitcher_name)[T.Sandy Alcantara],0.2109996274559584,0.008723549367326496,3.0221420244019265e-129,209296,0.10476534355157907
CH,changeup (CH),C(pitcher_name)[T.Sean Burke],0.05978344907376427,0.005639311002202235,2.941891874897708e-26,209296,0.10476534355157907
CH,changeup (CH),C(pitcher_name)[T.Seth Lugo],0.08469279333851251,0.006945344943937832,3.3384354916478064e-34,209296,0.10476534355157907
CH,changeup (CH),C(pitcher_name)[T.Shane Baz],0.09987841403107889,0.00665356493740504,6.195651167581888e-51,209296,0.10476534355157907
CH,changeup (CH),C(pitcher_name)[T.Shane Smith],0.1541729803661256,0.008494157180935737,1.2729728582816293e-73,209296,0.10476534355157907
CH,changeup (CH),C(pitcher_name)[T.Shota Imanaga],0.0052943271663353185,0.001446914492344671,0.0002531555725658739,209296,0.10476534355157907
CH,changeup (CH),C(pitcher_name)[T.Slade Cecconi],0.06692191742247144,0.006594953229783556,3.401561744544713e-24,209296,0.10476534355157907
CH,changeup (CH),C(pitcher_name)[T.Sonny Gray],0.06769068117048571,0.005968390108885372,8.17024853584789e-30,209296,0.10476534355157907
CH,changeup (CH),C(pitcher_name)[T.Spencer Strider],0.03775126190528016,0.004915439414172803,1.589150632133727e-14,209296,0.10476534355157907
CH,changeup (CH),C(pitcher_name)[T.Taijuan Walker],-0.0031260439189060947,0.001581754332347352,0.048119175769892546,209296,0.10476534355157907
CH,changeup (CH),C(pitcher_name)[T.Taj Bradley],-0.006517713497015234,0.001521028471199591,1.8268164560098043e-05,209296,0.10476534355157907
CH,changeup (CH),C(pitcher_name)[T.Tanner Bibee],0.13582640623773365,0.007305014690513782,3.621485667141402e-77,209296,0.10476534355157907
CH,changeup (CH),C(pitcher_name)[T.Tarik Skubal],0.30801194983366803,0.009827126565333676,1.2106351241795456e-215,209296,0.10476534355157907
CH,changeup (CH),C(pitcher_name)[T.Tomoyuki Sugano],-0.0020211554132534525,0.001472672009625155,0.16992620082855092,209296,0.10476534355157907
CH,changeup (CH),C(pitcher_name)[T.Tyler Anderson],0.33596212957338956,0.011246666042101484,4.527084017438093e-196,209296,0.10476534355157907
CH,changeup (CH),C(pitcher_name)[T.Walker Buehler],0.056549209574642455,0.005787645686556933,1.50445179109131e-22,209296,0.10476534355157907
CH,changeup (CH),C(pitcher_name)[T.Will Warren],0.08599252219206616,0.006067951627831104,1.3735508735291411e-45,209296,0.10476534355157907
CH,changeup (CH),C(pitcher_name)[T.Yoshinobu Yamamoto],-0.003874787566634445,0.0014144022159780637,0.006152838779737241,209296,0.10476534355157907
CH,changeup (CH),C(pitcher_name)[T.Yusei Kikuchi],0.12113331586207413,0.006582307105631102,1.2459693070089696e-75,209296,0.10476534355157907
CH,changeup (CH),C(pitcher_name)[T.Zac Gallen],0.14986087114994637,0.007192946003575728,2.110477412959066e-96,209296,0.10476534355157907
CH,changeup (CH),C(pitcher_name)[T.Zack Littell],0.004169371500636196,0.001175120048004399,0.0003881110742872995,209296,0.10476534355157907
CH,changeup (CH),C(pitcher_name)[T.Zack Wheeler],-0.00621036262242086,0.0014143529570906292,1.1285300381389851e-05,209296,0.10476534355157907
SL,slider (SL),Intercept,0.253578469242419,0.009819778460558235,4.8630055515586054e-147,209296,0.12398552855388134
SL,slider (SL),"C(count, Treatment(reference=""0-0""))[T.0-1]",-0.04063263380292942,0.026416630138340932,0.1240129224862771,209296,0.12398552855388134
SL,slider (SL),"C(count, Treatment(reference=""0-0""))[T.0-2]",-0.01731626126159445,0.026504735965861292,0.5135454499662159,209296,0.12398552855388134
SL,slider (SL),"C(count, Treatment(reference=""0-0""))[T.1-0]",-0.03942216098863731,0.026310752926780836,0.1340478239869734,209296,0.12398552855388134
SL,slider (SL),"C(count, Treatment(reference=""0-0""))[T.1-1]",-0.04197783781565402,0.02645010885591696,0.11249967215255742,209296,0.12398552855388134
SL,slider (SL),"C(count, Treatment(reference=""0-0""))[T.1-2]",-0.02481384619176987,0.026462957679840186,0.34840771875241505,209296,0.12398552855388134
SL,slider (SL),"C(count, Treatment(reference=""0-0""))[T.2-0]",-0.05169252578682448,0.02658918191514687,0.05188113868840897,209296,0.12398552855388134
SL,slider (SL),"C(count, Treatment(reference=""0-0""))[T.2-1]",-0.038262274530947486,0.026525733230490088,0.1491730160064958,209296,0.12398552855388134
SL,slider (SL),"C(count, Treatment(reference=""0-0""))[T.2-2]",-0.03485798474607467,0.026472668922719225,0.18792119714404187,209296,0.12398552855388134
SL,slider (SL),"C(count, Treatment(reference=""0-0""))[T.3-0]",-0.12837087730479693,0.026653310550299805,1.4622982482080482e-06,209296,0.12398552855388134
SL,slider (SL),"C(count, Treatment(reference=""0-0""))[T.3-1]",-0.06590416666001125,0.026679666283122433,0.013503675254553366,209296,0.12398552855388134
SL,slider (SL),"C(count, Treatment(reference=""0-0""))[T.3-2]",-0.043001902373378656,0.026522013935982768,0.10493908135303055,209296,0.12398552855388134
SL,slider (SL),"C(prev_pitch_type, Treatment(reference=""START""))[T.CH]",0.011752609964676045,0.0264139011025735,0.6563628738585029,209296,0.12398552855388134
SL,slider (SL),"C(prev_pitch_type, Treatment(reference=""START""))[T.CS]",0.018358452570277666,0.03405203593933246,0.5897975935989103,209296,0.12398552855388134
SL,slider (SL),"C(prev_pitch_type, Treatment(reference=""START""))[T.CU]",0.01468822678378397,0.026409150693636106,0.5780881892630405,209296,0.12398552855388134
SL,slider (SL),"C(prev_pitch_type, Treatment(reference=""START""))[T.FC]",0.033910007101551544,0.026403160290097545,0.19903133269039286,209296,0.12398552855388134
SL,slider (SL),"C(prev_pitch_type, Treatment(reference=""START""))[T.FF]",0.04186514001141303,0.026369234357338844,0.11236528996112172,209296,0.12398552855388134
SL,slider (SL),"C(prev_pitch_type, Treatment(reference=""START""))[T.FS]",0.010863053594030225,0.02660620980762902,0.6830606643988182,209296,0.12398552855388134
SL,slider (SL),"C(prev_pitch_type, Treatment(reference=""START""))[T.KC]",0.0578321130962618,0.02696566447578614,0.031980245639049595,209296,0.12398552855388134
SL,slider (SL),"C(prev_pitch_type, Treatment(reference=""START""))[T.PO]",0.018747312113058367,0.07588087950417563,0.8048599332083334,209296,0.12398552855388134
SL,slider (SL),"C(prev_pitch_type, Treatment(reference=""START""))[T.SI]",0.052700046027226576,0.026395505272218418,0.045873677216931495,209296,0.12398552855388134
SL,slider (SL),"C(prev_pitch_type, Treatment(reference=""START""))[T.SL]",0.1164549851950543,0.026567776537774212,1.1688586588637292e-05,209296,0.12398552855388134
SL,slider (SL),"C(prev_pitch_type, Treatment(reference=""START""))[T.ST]",0.022379116452926347,0.02640102270452111,0.39662680993649857,209296,0.12398552855388134
SL,slider (SL),"C(prev_pitch_type, Treatment(reference=""START""))[T.SV]",0.022968540110361767,0.027188658427054015,0.3982315215768024,209296,0.12398552855388134
SL,slider (SL),"C(prev_pitch_type, Treatment(reference=""START""))[T.UN]",0.09397637318094706,0.14303394081463774,0.5111670973662237,209296,0.12398552855388134
SL,slider (SL),"C(stand, Treatment(reference=""L""))[T.R]",0.02545012703942276,0.0014851100519569277,7.878872896492572e-66,209296,0.12398552855388134
SL,slider (SL),C(pitcher_name)[T.Andrew Abbott],-0.2666122036502049,0.009805262487013083,8.360934074491578e-163,209296,0.12398552855388134
SL,slider (SL),C(pitcher_name)[T.Andrew Heaney],-0.10984114267473258,0.013423957105309605,2.780811752873009e-16,209296,0.12398552855388134
SL,slider (SL),C(pitcher_name)[T.Antonio Senzatela],-0.09460497773301038,0.013142427099793463,6.090517242489111e-13,209296,0.12398552855388134
SL,slider (SL),C(pitcher_name)[T.Bailey Ober],-0.09825581137131473,0.0131002017364463,6.36582833584649e-14,209296,0.12398552855388134
SL,slider (SL),C(pitcher_name)[T.Brad Lord],-0.08170559741007909,0.013649317826729984,2.1498877284602566e-09,209296,0.12398552855388134
SL,slider (SL),C(pitcher_name)[T.Brady Singer],0.0035292620941075933,0.013587277795222745,0.7950585129021103,209296,0.12398552855388134
SL,slider (SL),C(pitcher_name)[T.Brandon Pfaadt],-0.260875064741569,0.009794398107157995,2.661202753988257e-156,209296,0.12398552855388134
SL,slider (SL),C(pitcher_name)[T.Brayan Bello],-0.2612695365149359,0.009805722927639414,2.0672438509679578e-156,209296,0.12398552855388134
SL,slider (SL),C(pitcher_name)[T.Bryan Woo],-0.16241226390269414,0.011889625476889659,1.7598784034788165e-42,209296,0.12398552855388134
SL,slider (SL),C(pitcher_name)[T.Bryce Elder],0.06637343929070201,0.014469911921532788,4.496676287134769e-06,209296,0.12398552855388134
SL,slider (SL),C(pitcher_name)[T.Cal Quantrill],-0.18350102320885125,0.01194759056762321,3.0909838878344284e-53,209296,0.12398552855388134
SL,slider (SL),C(pitcher_name)[T.Carlos Rodón],-0.005681730269606117,0.01317201932831364,0.6662150183813487,209296,0.12398552855388134
SL,slider (SL),C(pitcher_name)[T.Casey Mize],-0.10658293815031598,0.013096177380031949,4.002811291609014e-16,209296,0.12398552855388134
SL,slider (SL),C(pitcher_name)[T.Charlie Morton],-0.25830702893823243,0.0098060675410267,6.41403051383949e-153,209296,0.12398552855388134
SL,slider (SL),C(pitcher_name)[T.Chris Bassitt],-0.230721321165009,0.010522289917423804,1.438668104571305e-106,209296,0.12398552855388134
SL,slider (SL),C(pitcher_name)[T.Chris Paddack],-0.23795907391592774,0.01034396816260583,4.190332389250984e-117,209296,0.12398552855388134
SL,slider (SL),C(pitcher_name)[T.Clay Holmes],-0.16650285107869955,0.011693096183429235,5.216175567803611e-46,209296,0.12398552855388134
SL,slider (SL),C(pitcher_name)[T.Colin Rea],-0.1721867816104925,0.011704950259079583,5.512069873054172e-49,209296,0.12398552855388134
SL,slider (SL),C(pitcher_name)[T.Cristopher Sánchez],-0.1157894362498462,0.012507458235891998,2.0901759334086e-20,209296,0.12398552855388134
SL,slider (SL),C(pitcher_name)[T.David Peterson],-0.08539291713643082,0.0129722511138205,4.6186579036211984e-11,209296,0.12398552855388134
SL,slider (SL),C(pitcher_name)[T.Davis Martin],-0.05871802613519892,0.01356854732107848,1.5080440382434378e-05,209296,0.12398552855388134
SL,slider (SL),C(pitcher_name)[T.Dean Kremer],-0.25982427478009257,0.009827225036729262,4.852846282640614e-154,209296,0.12398552855388134
SL,slider (SL),C(pitcher_name)[T.Drew Rasmussen],-0.2639193936579983,0.00984151532127195,2.0501509088915285e-158,209296,0.12398552855388134
SL,slider (SL),C(pitcher_name)[T.Dustin May],-0.2618324000470501,0.009815884836239363,9.340397590311407e-157,209296,0.12398552855388134
SL,slider (SL),C(pitcher_name)[T.Dylan Cease],0.10967224964292727,0.013786416555007463,1.789945043923573e-15,209296,0.12398552855388134
SL,slider (SL),C(pitcher_name)[T.Eduardo Rodriguez],-0.2355685486314017,0.010631113022234573,8.655538853765633e-109,209296,0.12398552855388134
SL,slider (SL),C(pitcher_name)[T.Edward Cabrera],-0.09602447485450813,0.013189837161210301,3.333589212315842e-13,209296,0.12398552855388134
SL,slider (SL),C(pitcher_name)[T.Erick Fedde],-0.2614912335513319,0.009824650503457946,4.451988761397082e-156,209296,0.12398552855388134
SL,slider (SL),C(pitcher_name)[T.Framber Valdez],-0.24135890141032879,0.010459527359426162,8.158715574046895e-118,209296,0.12398552855388134
SL,slider (SL),C(pitcher_name)[T.Freddy Peralta],-0.1733103055490565,0.011315082449804035,5.90982324768429e-53,209296,0.12398552855388134
SL,slider (SL),C(pitcher_name)[T.Garrett Crochet],-0.27429840081927737,0.00981364589888284,6.462040016502124e-172,209296,0.12398552855388134
SL,slider (SL),C(pitcher_name)[T.Gavin Williams],-0.26018662962475503,0.009793414572097972,1.6120883942623779e-155,209296,0.12398552855388134
SL,slider (SL),C(pitcher_name)[T.Germán Márquez],-0.17071050344162347,0.012280915930537461,6.292679344672258e-44,209296,0.12398552855388134
SL,slider (SL),C(pitcher_name)[T.Hunter Brown],-0.19045280426625216,0.011219536497872232,1.2553067458098938e-64,209296,0.12398552855388134
SL,slider (SL),C(pitcher_name)[T.JP Sears],-0.20815456187972114,0.01135907983269957,5.233016497324466e-75,209296,0.12398552855388134
SL,slider (SL),C(pitcher_name)[T.Jack Flaherty],-0.04939288198356914,0.013232557216566992,0.0001894543386539889,209296,0.12398552855388134
SL,slider (SL),C(pitcher_name)[T.Jack Leiter],-0.04761231879359103,0.013496205322883517,0.0004189810553537576,209296,0.12398552855388134
SL,slider (SL),C(pitcher_name)[T.Jacob deGrom],0.08358708362519862,0.01431721450300747,5.276067317102544e-09,209296,0.12398552855388134
SL,slider (SL),C(pitcher_name)[T.Jake Irvin],-0.22217066482793307,0.010583705571529146,7.799446650358072e-98,209296,0.12398552855388134
SL,slider (SL),C(pitcher_name)[T.Jeffrey Springs],-0.07665355555836874,0.012939512367977567,3.1422055023768942e-09,209296,0.12398552855388134
SL,slider (SL),C(pitcher_name)[T.Jesús Luzardo],-0.21099386369318626,0.01092185567387241,3.754046763445549e-83,209296,0.12398552855388134
SL,slider (SL),C(pitcher_name)[T.Joe Ryan],-0.17601971776833036,0.011617936247251872,7.497851783824857e-52,209296,0.12398552855388134
SL,slider (SL),C(pitcher_name)[T.Jose Quintana],-0.2690135656041384,0.009844302523295939,2.036404077752192e-164,209296,0.12398552855388134
SL,slider (SL),C(pitcher_name)[T.José Berríos],-0.26188425276471966,0.009888567531269543,1.5000218550272213e-154,209296,0.12398552855388134
SL,slider (SL),C(pitcher_name)[T.José Soriano],-0.215465429651983,0.010944797465046077,2.8113716366636972e-86,209296,0.12398552855388134
SL,slider (SL),C(pitcher_name)[T.Justin Verlander],-0.045323009247073824,0.013271514238134743,0.0006376810721609424,209296,0.12398552855388134
SL,slider (SL),C(pitcher_name)[T.Kevin Gausman],-0.1756071165692058,0.011461165331879923,5.457683552159934e-53,209296,0.12398552855388134
SL,slider (SL),C(pitcher_name)[T.Kyle Freeland],-0.276693922171433,0.009799697836460473,2.1787480541525575e-175,209296,0.12398552855388134
SL,slider (SL),C(pitcher_name)[T.Kyle Hendricks],-0.26272455118956595,0.009818837583137471,1.0182980919809566e-157,209296,0.12398552855388134
SL,slider (SL),C(pitcher_name)[T.Logan Allen],-0.2673069825568691,0.009851998700687535,4.100756117664974e-162,209296,0.12398552855388134
SL,slider (SL),C(pitcher_name)[T.Logan Gilbert],0.06944252889258462,0.01504076904448645,3.894147805821709e-06,209296,0.12398552855388134
SL,slider (SL),C(pitcher_name)[T.Logan Webb],-0.26311126242626476,0.009815877542656434,2.8513297346696037e-158,209296,0.12398552855388134
SL,slider (SL),C(pitcher_name)[T.Lucas Giolito],-0.019796967469354217,0.014010519366298095,0.15765354982863933,209296,0.12398552855388134
SL,slider (SL),C(pitcher_name)[T.Luis Castillo],-0.0792972628762842,0.012680615315527263,4.015502745445985e-10,209296,0.12398552855388134
SL,slider (SL),C(pitcher_name)[T.Luis Severino],-0.2223906247018162,0.010709433354356892,8.813023652892464e-96,209296,0.12398552855388134
SL,slider (SL),C(pitcher_name)[T.MacKenzie Gore],-0.15124455852125468,0.01200866238259065,2.2604136417406673e-36,209296,0.12398552855388134
SL,slider (SL),C(pitcher_name)[T.Matthew Boyd],-0.12599085909641466,0.012471107232973632,5.378558984120462e-24,209296,0.12398552855388134
SL,slider (SL),C(pitcher_name)[T.Matthew Liberatore],-0.06466850454807624,0.01361054362475665,2.02059494771498e-06,209296,0.12398552855388134
SL,slider (SL),C(pitcher_name)[T.Max Fried],-0.2529100884370258,0.01014230715566589,3.018221742799319e-137,209296,0.12398552855388134
SL,slider (SL),C(pitcher_name)[T.Merrill Kelly],-0.19185763075884596,0.011138856927506689,1.7490114772438727e-66,209296,0.12398552855388134
SL,slider (SL),C(pitcher_name)[T.Michael Lorenzen],-0.15144243394446255,0.012286634290273215,6.579816121324438e-35,209296,0.12398552855388134
SL,slider (SL),C(pitcher_name)[T.Michael Wacha],-0.1513509605549322,0.011964697558981285,1.1216840089642677e-36,209296,0.12398552855388134
SL,slider (SL),C(pitcher_name)[T.Miles Mikolas],-0.05051729648356674,0.013648033541235163,0.00021438435562842482,209296,0.12398552855388134
SL,slider (SL),C(pitcher_name)[T.Mitch Keller],-0.12838351534297124,0.012147416796353078,4.1581829994201884e-26,209296,0.12398552855388134
SL,slider (SL),C(pitcher_name)[T.Mitchell Parker],-0.15456890313795893,0.012018414476305878,7.459921954452966e-38,209296,0.12398552855388134
SL,slider (SL),C(pitcher_name)[T.Nick Lodolo],-0.26830953492860954,0.009825994856451737,3.590690071211863e-164,209296,0.12398552855388134
SL,slider (SL),C(pitcher_name)[T.Nick Martinez],-0.1584683284271146,0.011912411944252164,2.229860137927708e-40,209296,0.12398552855388134
SL,slider (SL),C(pitcher_name)[T.Nick Pivetta],-0.25621256235514367,0.009913014645025309,2.69301152313398e-147,209296,0.12398552855388134
SL,slider (SL),C(pitcher_name)[T.Noah Cameron],-0.12996069182004413,0.01292794362060717,8.93875296197271e-24,209296,0.12398552855388134
SL,slider (SL),C(pitcher_name)[T.Patrick Corbin],0.038543542955076324,0.014305874878238915,0.007054812208786645,209296,0.12398552855388134
SL,slider (SL),C(pitcher_name)[T.Paul Skenes],-0.20992259351422893,0.010827894159868352,9.897277084901368e-84,209296,0.12398552855388134
SL,slider (SL),C(pitcher_name)[T.Quinn Priester],-0.009556353535883369,0.013933356759392718,0.4928004243973624,209296,0.12398552855388134
SL,slider (SL),C(pitcher_name)[T.Randy Vásquez],-0.24359813530978647,0.01034082743535369,1.0660172362166916e-122,209296,0.12398552855388134
SL,slider (SL),C(pitcher_name)[T.Ranger Suarez],-0.23191872086249377,0.010833047882033809,1.114679402679326e-101,209296,0.12398552855388134
SL,slider (SL),C(pitcher_name)[T.Robbie Ray],-0.05632544669826093,0.01291585889699346,1.294974998655323e-05,209296,0.12398552855388134
SL,slider (SL),C(pitcher_name)[T.Ryan Pepiot],-0.09633870004617139,0.012740011117042883,3.972213354833761e-14,209296,0.12398552855388134
SL,slider (SL),C(pitcher_name)[T.Ryne Nelson],-0.13156580253797964,0.012462413650449745,4.714490463050321e-26,209296,0.12398552855388134
SL,slider (SL),C(pitcher_name)[T.Sandy Alcantara],-0.10524044698237572,0.012482910220144076,3.434211404238384e-17,209296,0.12398552855388134
SL,slider (SL),C(pitcher_name)[T.Sean Burke],-0.0600678609384962,0.013582164428607539,9.754078288630504e-06,209296,0.12398552855388134
SL,slider (SL),C(pitcher_name)[T.Seth Lugo],-0.20723768915622345,0.011068195854349174,3.172643715299706e-78,209296,0.12398552855388134
SL,slider (SL),C(pitcher_name)[T.Shane Baz],-0.24022237626912135,0.010419750683555676,1.3250189318148532e-117,209296,0.12398552855388134
SL,slider (SL),C(pitcher_name)[T.Shane Smith],-0.15825647854636246,0.012000747707694048,1.0395078897199413e-39,209296,0.12398552855388134
SL,slider (SL),C(pitcher_name)[T.Shota Imanaga],-0.25968486050032613,0.010064578388754951,8.450608154481657e-147,209296,0.12398552855388134
SL,slider (SL),C(pitcher_name)[T.Slade Cecconi],-0.08664334248838032,0.013561112057859237,1.6686158165771864e-10,209296,0.12398552855388134
SL,slider (SL),C(pitcher_name)[T.Sonny Gray],-0.24381670030707187,0.010182719569824823,1.062889155874921e-126,209296,0.12398552855388134
SL,slider (SL),C(pitcher_name)[T.Spencer Strider],0.07352191586101284,0.015015609418519508,9.762528234006645e-07,209296,0.12398552855388134
SL,slider (SL),C(pitcher_name)[T.Taijuan Walker],-0.1504569798789579,0.01252295648150864,2.9819091100780772e-33,209296,0.12398552855388134
SL,slider (SL),C(pitcher_name)[T.Taj Bradley],-0.26078176467349434,0.00980079536213475,5.452346073129979e-156,209296,0.12398552855388134
SL,slider (SL),C(pitcher_name)[T.Tanner Bibee],-0.2618682331276048,0.009792078545919507,1.494806894012232e-157,209296,0.12398552855388134
SL,slider (SL),C(pitcher_name)[T.Tarik Skubal],-0.16169748136833023,0.011975701461876324,1.519189428757466e-41,209296,0.12398552855388134
SL,slider (SL),C(pitcher_name)[T.Tomoyuki Sugano],-0.25775613841981204,0.009811730972993859,4.201957927440465e-152,209296,0.12398552855388134
SL,slider (SL),C(pitcher_name)[T.Tyler Anderson],-0.23330839501276562,0.010697635137740453,1.8917274316581157e-105,209296,0.12398552855388134
SL,slider (SL),C(pitcher_name)[T.Walker Buehler],-0.12822668564521283,0.012838065994374948,1.7200616917364482e-23,209296,0.12398552855388134
SL,slider (SL),C(pitcher_name)[T.Will Warren],-0.2619842744172449,0.009790457448754767,9.664448321207912e-158,209296,0.12398552855388134
SL,slider (SL),C(pitcher_name)[T.Yoshinobu Yamamoto],-0.235705434480942,0.010341592577732614,5.506085212066464e-115,209296,0.12398552855388134
SL,slider (SL),C(pitcher_name)[T.Yusei Kikuchi],0.07712765856795073,0.013798241443399688,2.2749752691736592e-08,209296,0.12398552855388134
SL,slider (SL),C(pitcher_name)[T.Zac Gallen],-0.14396015668011825,0.011807985566879127,3.4390168785011254e-34,209296,0.12398552855388134
SL,slider (SL),C(pitcher_name)[T.Zack Littell],-0.0017526983339709234,0.013687711437440478,0.8981101627108488,209296,0.12398552855388134
SL,slider (SL),C(pitcher_name)[T.Zack Wheeler],-0.2625086396904856,0.00978925667406536,2.1033374554412388e-158,209296,0.12398552855388134
CU,curveball (CU),Intercept,0.028941158911867246,0.0013053802433777351,6.591703797207181e-109,209296,0.11153848652132181
CU,curveball (CU),"C(count, Treatment(reference=""0-0""))[T.0-1]",0.023115973579944604,0.044646915564221415,0.6046321913474095,209296,0.11153848652132181
CU,curveball (CU),"C(count, Treatment(reference=""0-0""))[T.0-2]",0.05078084474699852,0.044706807982017246,0.25601357113702927,209296,0.11153848652132181
CU,curveball (CU),"C(count, Treatment(reference=""0-0""))[T.1-0]",0.008982173897641735,0.04459763102849826,0.8403821159060152,209296,0.11153848652132181
CU,curveball (CU),"C(count, Treatment(reference=""0-0""))[T.1-1]",0.02318272151698602,0.04466176883592017,0.603709786187264,209296,0.11153848652132181
CU,curveball (CU),"C(count, Treatment(reference=""0-0""))[T.1-2]",0.04631597337280227,0.04467183336518602,0.2998268160281037,209296,0.11153848652132181
CU,curveball (CU),"C(count, Treatment(reference=""0-0""))[T.2-0]",-0.020161737071725253,0.044687210980758584,0.651863673787471,209296,0.11153848652132181
CU,curveball (CU),"C(count, Treatment(reference=""0-0""))[T.2-1]",0.011437337991649126,0.044685320221228585,0.7979871944353106,209296,0.11153848652132181
CU,curveball (CU),"C(count, Treatment(reference=""0-0""))[T.2-2]",0.03849266215018135,0.044674000427265326,0.3888886535759659,209296,0.11153848652132181
CU,curveball (CU),"C(count, Treatment(reference=""0-0""))[T.3-0]",-0.05404397163141689,0.044687145453302844,0.2265148979908621,209296,0.11153848652132181
CU,curveball (CU),"C(count, Treatment(reference=""0-0""))[T.3-1]",-0.033783848299097224,0.04469913952008622,0.44976591521191445,209296,0.11153848652132181
CU,curveball (CU),"C(count, Treatment(reference=""0-0""))[T.3-2]",0.011414525433953906,0.04468351455236615,0.7983734546046273,209296,0.11153848652132181
CU,curveball (CU),"C(prev_pitch_type, Treatment(reference=""START""))[T.CH]",-0.04655841944814448,0.04464990813265225,0.29706691883334324,209296,0.11153848652132181
CU,curveball (CU),"C(prev_pitch_type, Treatment(reference=""START""))[T.CS]",-0.08171969698521654,0.0479309699917931,0.08820456838576708,209296,0.11153848652132181
CU,curveball (CU),"C(prev_pitch_type, Treatment(reference=""START""))[T.CU]",-0.017053769299123306,0.04474043628702273,0.7030761597106696,209296,0.11153848652132181
CU,curveball (CU),"C(prev_pitch_type, Treatment(reference=""START""))[T.FC]",-0.03772874860157884,0.04467486383846518,0.3983797348976803,209296,0.11153848652132181
CU,curveball (CU),"C(prev_pitch_type, Treatment(reference=""START""))[T.FF]",-0.033131559001205145,0.0446236477634615,0.4578048035409501,209296,0.11153848652132181
CU,curveball (CU),"C(prev_pitch_type, Treatment(reference=""START""))[T.FS]",-0.056915469024806084,0.04475538054482022,0.203479320926502,209296,0.11153848652132181
CU,curveball (CU),"C(prev_pitch_type, Treatment(reference=""START""))[T.KC]",-0.03782786395872727,0.044610691624833575,0.3964629706701587,209296,0.11153848652132181
CU,curveball (CU),"C(prev_pitch_type, Treatment(reference=""START""))[T.PO]",0.0015989490959252076,0.11318276846645182,0.9887285460504909,209296,0.11153848652132181
CU,curveball (CU),"C(prev_pitch_type, Treatment(reference=""START""))[T.SI]",-0.041058938191726534,0.044637508591939844,0.3576613849887188,209296,0.11153848652132181
CU,curveball (CU),"C(prev_pitch_type, Treatment(reference=""START""))[T.SL]",-0.05166732975137271,0.04463482369670799,0.24704507474064819,209296,0.11153848652132181
CU,curveball (CU),"C(prev_pitch_type, Treatment(reference=""START""))[T.ST]",-0.06122005013177634,0.0446417693781572,0.1702619696357428,209296,0.11153848652132181
CU,curveball (CU),"C(prev_pitch_type, Treatment(reference=""START""))[T.SV]",-0.07084639367752316,0.04495770662937872,0.11506144435658934,209296,0.11153848652132181
CU,curveball (CU),"C(prev_pitch_type, Treatment(reference=""START""))[T.UN]",-0.05099300917754231,0.046495887323368894,0.272763438096278,209296,0.11153848652132181
CU,curveball (CU),"C(stand, Treatment(reference=""L""))[T.R]",-0.030584199324367276,0.0011463410718440387,8.066827466335729e-157,209296,0.11153848652132181
CU,curveball (CU),C(pitcher_name)[T.Andrew Abbott],0.12154489018681362,0.007062777908008643,2.2646621348965133e-66,209296,0.11153848652132181
CU,curveball (CU),C(pitcher_name)[T.Andrew Heaney],0.06315550072848794,0.005680672542320696,1.0299435815120972e-28,209296,0.11153848652132181
CU,curveball (CU),C(pitcher_name)[T.Antonio Senzatela],0.14217996525556448,0.00819011731292737,1.6588960235268227e-67,209296,0.11153848652132181
CU,curveball (CU),C(pitcher_name)[T.Bailey Ober],0.035460084087781986,0.004381937646972086,5.853421799258262e-16,209296,0.11153848652132181
CU,curveball (CU),C(pitcher_name)[T.Brad Lord],-0.0019215933985004445,0.0008897946043135084,0.030804260499971113,209296,0.11153848652132181
CU,curveball (CU),C(pitcher_name)[T.Brady Singer],0.0008451050251809744,0.0009639540729437541,0.3806459492337704,209296,0.11153848652132181
CU,curveball (CU),C(pitcher_name)[T.Brandon Pfaadt],0.09555666859406847,0.006130947095582267,9.06969944261345e-55,209296,0.11153848652132181
CU,curveball (CU),C(pitcher_name)[T.Brayan Bello],-0.00032872795581042675,0.0010767579614674413,0.7601420962206316,209296,0.11153848652132181
CU,curveball (CU),C(pitcher_name)[T.Bryan Woo],-0.0035734552115526163,0.0008418182108279224,2.1866649728074138e-05,209296,0.11153848652132181
CU,curveball (CU),C(pitcher_name)[T.Bryce Elder],0.004061256469822123,0.0009403067448361164,1.566836898835167e-05,209296,0.11153848652132181
CU,curveball (CU),C(pitcher_name)[T.Cal Quantrill],0.11365822264674155,0.00799999711857944,8.256737127139597e-46,209296,0.11153848652132181
CU,curveball (CU),C(pitcher_name)[T.Carlos Rodón],0.04539885419140817,0.003824530396662453,1.6858098779895017e-32,209296,0.11153848652132181
CU,curveball (CU),C(pitcher_name)[T.Casey Mize],0.0023974446535542015,0.0011902690795611186,0.04398812763307639,209296,0.11153848652132181
CU,curveball (CU),C(pitcher_name)[T.Charlie Morton],0.375583923238474,0.01073797594814087,5.005689411547705e-268,209296,0.11153848652132181
CU,curveball (CU),C(pitcher_name)[T.Chris Bassitt],0.1589858486196662,0.007858876086099871,5.319504026038574e-91,209296,0.11153848652132181
CU,curveball (CU),C(pitcher_name)[T.Chris Paddack],0.11295458845112956,0.007196502497365642,1.6169007779607117e-55,209296,0.11153848652132181
CU,curveball (CU),C(pitcher_name)[T.Clay Holmes],0.003713575045960871,0.0010648576446468578,0.0004877575618134582,209296,0.11153848652132181
CU,curveball (CU),C(pitcher_name)[T.Colin Rea],0.09062854253929847,0.006398352263941159,1.5225518476359536e-45,209296,0.11153848652132181
CU,curveball (CU),C(pitcher_name)[T.Cristopher Sánchez],0.010262806888639583,0.0011063238450575261,1.7514642753591673e-20,209296,0.11153848652132181
CU,curveball (CU),C(pitcher_name)[T.David Peterson],0.14613785054643996,0.00749683004933898,1.2517926985285492e-84,209296,0.11153848652132181
CU,curveball (CU),C(pitcher_name)[T.Davis Martin],0.05002193090190599,0.005010723031580139,1.8095519308745803e-23,209296,0.11153848652132181
CU,curveball (CU),C(pitcher_name)[T.Dean Kremer],0.12288637606400177,0.007146897413424278,2.926370023892995e-66,209296,0.11153848652132181
CU,curveball (CU),C(pitcher_name)[T.Drew Rasmussen],0.031086608267180873,0.004529554963285726,6.740081833535845e-12,209296,0.11153848652132181
CU,curveball (CU),C(pitcher_name)[T.Dustin May],0.00267955673741999,0.0011887007796951286,0.024184253235665427,209296,0.11153848652132181
CU,curveball (CU),C(pitcher_name)[T.Dylan Cease],0.0013357039253601931,0.0008045512244676734,0.0968772286012806,209296,0.11153848652132181
CU,curveball (CU),C(pitcher_name)[T.Eduardo Rodriguez],0.05490198739416506,0.004765720806434459,1.0438611585887815e-30,209296,0.11153848652132181
CU,curveball (CU),C(pitcher_name)[T.Edward Cabrera],0.2287897350863872,0.009908689012075067,5.861205558282097e-118,209296,0.11153848652132181
CU,curveball (CU),C(pitcher_name)[T.Erick Fedde],0.0038663858648284727,0.0012293719088183948,0.001660816525966295,209296,0.11153848652132181
CU,curveball (CU),C(pitcher_name)[T.Framber Valdez],0.3372200282596496,0.00975984222696236,1.3397646497865693e-261,209296,0.11153848652132181
CU,curveball (CU),C(pitcher_name)[T.Freddy Peralta],0.12411150337121096,0.006719589090327292,3.5939709904112853e-76,209296,0.11153848652132181
CU,curveball (CU),C(pitcher_name)[T.Garrett Crochet],0.00900574433471791,0.0010685404211853529,3.5138230418848706e-17,209296,0.11153848652132181
CU,curveball (CU),C(pitcher_name)[T.Gavin Williams],0.2197768317008974,0.008524805232180304,1.4536312045993226e-146,209296,0.11153848652132181
CU,curveball (CU),C(pitcher_name)[T.Germán Márquez],-0.0015301171397993087,0.0008664915869082447,0.0774165688062265,209296,0.11153848652132181
CU,curveball (CU),C(pitcher_name)[T.Hunter Brown],-0.0013649511735620212,0.0008626928220553095,0.11360429325126757,209296,0.11153848652132181
CU,curveball (CU),C(pitcher_name)[T.JP Sears],0.049265197112749,0.004324628176221082,4.595246805411398e-30,209296,0.11153848652132181
CU,curveball (CU),C(pitcher_name)[T.Jack Flaherty],-0.002842543889116843,0.0007851058327186774,0.0002939355102826956,209296,0.11153848652132181
CU,curveball (CU),C(pitcher_name)[T.Jack Leiter],0.0968106848386934,0.0065834779051491404,5.978470430891937e-49,209296,0.11153848652132181
CU,curveball (CU),C(pitcher_name)[T.Jacob deGrom],0.05118413464437278,0.0048603711986265116,6.222954070816006e-26,209296,0.11153848652132181
CU,curveball (CU),C(pitcher_name)[T.Jake Irvin],0.28773424686693283,0.009406697211808274,1.7550015919691766e-205,209296,0.11153848652132181
CU,curveball (CU),C(pitcher_name)[T.Jeffrey Springs],0.010831148657463008,0.0009391820903294279,9.044264344235096e-31,209296,0.11153848652132181
CU,curveball (CU),C(pitcher_name)[T.Jesús Luzardo],0.012010037975653573,0.0010407703627214168,8.334495824766612e-31,209296,0.11153848652132181
CU,curveball (CU),C(pitcher_name)[T.Joe Ryan],-0.00044539538970279365,0.0009030818196936163,0.6218748482861867,209296,0.11153848652132181
CU,curveball (CU),C(pitcher_name)[T.Jose Quintana],0.1488513268067562,0.008461950682884196,2.9045689784654416e-69,209296,0.11153848652132181
CU,curveball (CU),C(pitcher_name)[T.José Berríos],0.004253496815863532,0.0014833791902335728,0.004138107943739852,209296,0.11153848652132181
CU,curveball (CU),C(pitcher_name)[T.José Soriano],0.000291577723647679,0.0010026368299047388,0.7711959448376063,209296,0.11153848652132181
CU,curveball (CU),C(pitcher_name)[T.Justin Verlander],0.1482272235585059,0.007794067998213641,1.2111944594456086e-80,209296,0.11153848652132181
CU,curveball (CU),C(pitcher_name)[T.Kevin Gausman],0.002015751258288671,0.0013140770713134177,0.12503769739387596,209296,0.11153848652132181
CU,curveball (CU),C(pitcher_name)[T.Kyle Freeland],0.006560998339485826,0.0009757844641575568,1.7702203700552553e-11,209296,0.11153848652132181
CU,curveball (CU),C(pitcher_name)[T.Kyle Hendricks],0.08038831306897473,0.006126663020017471,2.494216180669235e-39,209296,0.11153848652132181
CU,curveball (CU),C(pitcher_name)[T.Logan Allen],0.01207695974146283,0.0010553123236493394,2.5208839707220708e-30,209296,0.11153848652132181
CU,curveball (CU),C(pitcher_name)[T.Logan Gilbert],0.07150184484969521,0.006324252360418419,1.2258365042564014e-29,209296,0.11153848652132181
CU,curveball (CU),C(pitcher_name)[T.Logan Webb],0.003416813164465026,0.0010974856003252756,0.0018500143113238563,209296,0.11153848652132181
CU,curveball (CU),C(pitcher_name)[T.Lucas Giolito],0.035652644600699834,0.004269414893476162,6.78539753604998e-17,209296,0.11153848652132181
CU,curveball (CU),C(pitcher_name)[T.Luis Castillo],-0.0023631011368738988,0.0008059636742053347,0.003367656980248931,209296,0.11153848652132181
CU,curveball (CU),C(pitcher_name)[T.Luis Severino],0.0030016992348113935,0.0010238517057406778,0.003370346425567201,209296,0.11153848652132181
CU,curveball (CU),C(pitcher_name)[T.MacKenzie Gore],0.2410038180662233,0.008991419572860537,2.921365573249775e-158,209296,0.11153848652132181
CU,curveball (CU),C(pitcher_name)[T.Matthew Boyd],0.11707364558118978,0.00685920813518543,2.56412667947962e-65,209296,0.11153848652132181
CU,curveball (CU),C(pitcher_name)[T.Matthew Liberatore],0.16175595976855586,0.008338582962806157,7.946385395838438e-84,209296,0.11153848652132181
CU,curveball (CU),C(pitcher_name)[T.Max Fried],0.17892200715561124,0.007629996773329753,1.3276859258190555e-121,209296,0.11153848652132181
CU,curveball (CU),C(pitcher_name)[T.Merrill Kelly],0.09153809976264846,0.006166145411602191,7.465250139191759e-50,209296,0.11153848652132181
CU,curveball (CU),C(pitcher_name)[T.Michael Lorenzen],0.11289076774834382,0.007346222533830953,2.717171246849916e-53,209296,0.11153848652132181
CU,curveball (CU),C(pitcher_name)[T.Michael Wacha],0.07512707878524798,0.005821913285076706,4.2627077364404284e-38,209296,0.11153848652132181
CU,curveball (CU),C(pitcher_name)[T.Miles Mikolas],0.17316746382363446,0.0086495133796946,3.65140194829125e-89,209296,0.11153848652132181
CU,curveball (CU),C(pitcher_name)[T.Mitch Keller],0.0715647855167799,0.005350882313468909,8.535132422684189e-41,209296,0.11153848652132181
CU,curveball (CU),C(pitcher_name)[T.Mitchell Parker],0.21921769043767256,0.008851317131069085,2.050308342224401e-135,209296,0.11153848652132181
CU,curveball (CU),C(pitcher_name)[T.Nick Lodolo],0.2862576378263785,0.01010640031895861,1.7309082551437278e-176,209296,0.11153848652132181
CU,curveball (CU),C(pitcher_name)[T.Nick Martinez],0.10427779953990372,0.006802355180484748,4.84507829034025e-53,209296,0.11153848652132181
CU,curveball (CU),C(pitcher_name)[T.Nick Pivetta],0.21435728821744848,0.00851423371445714,7.275141092410142e-140,209296,0.11153848652132181
CU,curveball (CU),C(pitcher_name)[T.Noah Cameron],0.19823872907360707,0.009420698829112834,2.656819597178303e-98,209296,0.11153848652132181
CU,curveball (CU),C(pitcher_name)[T.Patrick Corbin],0.0162852602766767,0.0019775809167720208,1.7964758829966903e-16,209296,0.11153848652132181
CU,curveball (CU),C(pitcher_name)[T.Paul Skenes],0.04549113521734455,0.00433846374861783,1.0066891924660408e-25,209296,0.11153848652132181
CU,curveball (CU),C(pitcher_name)[T.Quinn Priester],0.09919870707220674,0.006632292693684839,1.4036260343874912e-50,209296,0.11153848652132181
CU,curveball (CU),C(pitcher_name)[T.Randy Vásquez],0.1274748301443083,0.007942370386081588,5.718894125473309e-58,209296,0.11153848652132181
CU,curveball (CU),C(pitcher_name)[T.Ranger Suarez],0.1693233538198579,0.008433744736976976,1.1752940466153135e-89,209296,0.11153848652132181
CU,curveball (CU),C(pitcher_name)[T.Robbie Ray],0.008744878480750338,0.0008762320254148362,1.862891398787635e-23,209296,0.11153848652132181
CU,curveball (CU),C(pitcher_name)[T.Ryan Pepiot],0.02778725054724554,0.003664549292221011,3.383850821579233e-14,209296,0.11153848652132181
CU,curveball (CU),C(pitcher_name)[T.Ryne Nelson],0.10174507094153012,0.006877801509533084,1.619298453676283e-49,209296,0.11153848652132181
CU,curveball (CU),C(pitcher_name)[T.Sandy Alcantara],-0.0003822364923391851,0.0009591817175979567,0.6902596776004178,209296,0.11153848652132181
CU,curveball (CU),C(pitcher_name)[T.Sean Burke],-0.001442861947121271,0.0008618921084891267,0.09411815958713134,209296,0.11153848652132181
CU,curveball (CU),C(pitcher_name)[T.Seth Lugo],0.1776472396037867,0.00876084032720488,2.0353017197245877e-91,209296,0.11153848652132181
CU,curveball (CU),C(pitcher_name)[T.Shane Baz],-0.0014134325009833425,0.0009192124445913589,0.1241327551830585,209296,0.11153848652132181
CU,curveball (CU),C(pitcher_name)[T.Shane Smith],0.14008113097892166,0.007950790173054634,1.7760021909079304e-69,209296,0.11153848652132181
CU,curveball (CU),C(pitcher_name)[T.Shota Imanaga],0.025618378337711335,0.003344092417357367,1.847977209106644e-14,209296,0.11153848652132181
CU,curveball (CU),C(pitcher_name)[T.Slade Cecconi],0.16289492990688592,0.009130668524627787,3.431284782546621e-71,209296,0.11153848652132181
CU,curveball (CU),C(pitcher_name)[T.Sonny Gray],0.18203182725326844,0.008341092181736343,1.3881693220330524e-105,209296,0.11153848652132181
CU,curveball (CU),C(pitcher_name)[T.Spencer Strider],0.08664481708368568,0.0068596353461561795,1.4225500254696274e-36,209296,0.11153848652132181
CU,curveball (CU),C(pitcher_name)[T.Taijuan Walker],0.06629586384230071,0.0061762444443467296,7.047094093942917e-27,209296,0.11153848652132181
CU,curveball (CU),C(pitcher_name)[T.Taj Bradley],0.1444291015508336,0.008242611156981508,9.69138761492775e-69,209296,0.11153848652132181
CU,curveball (CU),C(pitcher_name)[T.Tanner Bibee],0.047285472135556894,0.004481968844358679,5.071262662069409e-26,209296,0.11153848652132181
CU,curveball (CU),C(pitcher_name)[T.Tarik Skubal],0.03354770131175039,0.003574932455779269,6.342613063242743e-21,209296,0.11153848652132181
CU,curveball (CU),C(pitcher_name)[T.Tomoyuki Sugano],0.09900481931408492,0.006563435444056973,2.0544661248980304e-51,209296,0.11153848652132181
CU,curveball (CU),C(pitcher_name)[T.Tyler Anderson],0.008661929612555797,0.001530866691866895,1.5298063536706065e-08,209296,0.11153848652132181
CU,curveball (CU),C(pitcher_name)[T.Walker Buehler],-0.0017969089601526365,0.0009402952429490047,0.05600393159906963,209296,0.11153848652132181
CU,curveball (CU),C(pitcher_name)[T.Will Warren],0.0727296834604663,0.005419350748305079,4.594237581601872e-41,209296,0.11153848652132181
CU,curveball (CU),C(pitcher_name)[T.Yoshinobu Yamamoto],0.17367336587157295,0.008144368793900443,6.748548564797082e-101,209296,0.11153848652132181
CU,curveball (CU),C(pitcher_name)[T.Yusei Kikuchi],0.15748132864192477,0.007247415048434846,1.0841885820750027e-104,209296,0.11153848652132181
CU,curveball (CU),C(pitcher_name)[T.Zac Gallen],-0.0009092263097087916,0.0008085570854902842,0.26079894269832216,209296,0.11153848652132181
CU,curveball (CU),C(pitcher_name)[T.Zack Littell],0.005183333984985178,0.0010576119586732224,9.536025718593747e-07,209296,0.11153848652132181
CU,curveball (CU),C(pitcher_name)[T.Zack Wheeler],0.09199521725480556,0.006663810538173747,2.3712339709393243e-43,209296,0.11153848652132181
