pitcher_name,pitch_type,pitches,avg_velocity,whiff_rate,weak_contact_rate,mean_pitcher_run_value,pitch_label,pitcher_total_pitches,usage_rate,in_arsenal,arsenal_size
Andre Pallante,FF,952,94.45126050420168,0.0661764705882353,0.13865546218487396,-0.007993697478991596,4-seam fastball (FF),2158,0.4411492122335496,True,4
Andre Pallante,SL,621,87.38454106280194,0.15458937198067632,0.09822866344605476,0.0036425120772946872,slider (SL),2158,0.28776645041705284,True,4
Andre Pallante,KC,305,78.1783606557377,0.12786885245901639,0.04590163934426229,-0.013914754098360654,knuckle curve (KC),2158,0.14133456904541242,True,4
Andre Pallante,SI,277,94.99025270758122,0.07220216606498195,0.17689530685920576,0.012873646209386283,sinker (SI),2158,0.1283595922150139,True,4
Andre Pallante,ST,3,82.96666666666667,0.0,0.0,-0.01966666666666667,sweeper (ST),2158,0.0013901760889712697,False,4
Andrew Abbott,FF,996,92.7909638554217,0.08734939759036145,0.10240963855421686,0.010581325301204819,4-seam fastball (FF),2123,0.4691474328780028,True,5
Andrew Abbott,CH,411,84.83552311435524,0.1411192214111922,0.16058394160583941,0.015734793187347933,changeup (CH),2123,0.19359397079604335,True,5
Andrew Abbott,ST,375,82.73333333333333,0.19733333333333333,0.10666666666666667,0.013498666666666667,sweeper (ST),2123,0.17663683466792274,True,5
Andrew Abbott,CU,248,80.58387096774193,0.07661290322580645,0.10080645161290322,-0.0026290322580645154,curveball (CU),2123,0.11681582666038624,True,5
Andrew Abbott,FC,93,88.63440860215054,0.11827956989247312,0.053763440860215055,-0.03396774193548387,cutter (FC),2123,0.04380593499764484,True,5
Andrew Heaney,FF,738,90.11422764227643,0.08672086720867209,0.0921409214092141,-0.017455284552845528,4-seam fastball (FF),1682,0.43876337693222356,True,6
Andrew Heaney,CH,287,82.02125435540069,0.0975609756097561,0.14982578397212543,-0.008264808362369336,changeup (CH),1682,0.17063020214030916,True,6
Andrew Heaney,SL,284,80.59401408450705,0.15140845070422534,0.08098591549295775,-0.015588028169014086,slider (SL),1682,0.16884661117717004,True,6
Andrew Heaney,SI,188,89.20159574468086,0.047872340425531915,0.14893617021276595,0.002420212765957447,sinker (SI),1682,0.1117717003567182,True,6
Andrew Heaney,CS,94,73.5127659574468,0.09574468085106383,0.05319148936170213,-0.022244680851063826,CS (CS),1682,0.0558858501783591,True,6
Andrew Heaney,CU,91,76.86043956043956,0.07692307692307693,0.10989010989010989,-0.0035164835164835173,curveball (CU),1682,0.054102259215219974,True,6
Antonio Senzatela,FF,1057,94.99309366130558,0.06338694418164617,0.11163670766319773,-0.01749858088930937,4-seam fastball (FF),1822,0.5801317233809001,True,4
Antonio Senzatela,SL,323,86.77925696594427,0.12074303405572756,0.11455108359133127,-0.015207430340557276,slider (SL),1822,0.17727771679473106,True,4
Antonio Senzatela,CU,264,80.36136363636365,0.13257575757575757,0.10606060606060606,-0.0006174242424242421,curveball (CU),1822,0.14489571899012074,True,4
Antonio Senzatela,CH,145,87.42137931034483,0.09655172413793103,0.09655172413793103,-0.04362758620689656,changeup (CH),1822,0.07958287596048298,True,4
Antonio Senzatela,FC,24,91.29583333333333,0.08333333333333333,0.16666666666666666,0.034,cutter (FC),1822,0.013172338090010977,False,4
Antonio Senzatela,SI,9,92.11111111111111,0.1111111111111111,0.3333333333333333,-0.26466666666666666,sinker (SI),1822,0.004939626783754116,False,4
Bailey Ober,FF,685,90.27270072992701,0.08759124087591241,0.11824817518248175,0.003788321167883211,4-seam fastball (FF),1855,0.3692722371967655,True,6
Bailey Ober,CH,528,83.29090909090908,0.14772727272727273,0.14772727272727273,0.006035984848484848,changeup (CH),1855,0.2846361185983827,True,6
Bailey Ober,SL,318,83.66666666666667,0.11006289308176101,0.14779874213836477,-0.02561320754716981,slider (SL),1855,0.17142857142857143,True,6
Bailey Ober,ST,200,78.4345,0.18,0.08,-0.009165,sweeper (ST),1855,0.1078167115902965,True,6
Bailey Ober,CU,67,75.16865671641791,0.04477611940298507,0.04477611940298507,-0.0604776119402985,curveball (CU),1855,0.03611859838274933,True,6
Bailey Ober,SI,57,90.24736842105264,0.017543859649122806,0.08771929824561403,-0.06985964912280701,sinker (SI),1855,0.030727762803234502,True,6
Brad Lord,FF,830,94.775421686747,0.1216867469879518,0.07590361445783132,-0.002827710843373494,4-seam fastball (FF),1691,0.49083382613837967,True,4
Brad Lord,SL,333,85.45675675675675,0.10510510510510511,0.0990990990990991,-0.0136006006006006,slider (SL),1691,0.19692489651094028,True,4
Brad Lord,SI,302,94.33774834437087,0.052980132450331126,0.152317880794702,0.018880794701986756,sinker (SI),1691,0.1785925487876996,True,4
Brad Lord,CH,222,85.90675675675675,0.0945945945945946,0.13513513513513514,0.004797297297297296,changeup (CH),1691,0.13128326434062684,True,4
Brad Lord,ST,3,82.3,0.0,0.0,-0.30033333333333334,sweeper (ST),1691,0.0017740981667652277,False,4
Brad Lord,UN,1,76.9,0.0,0.0,-0.068,UN (UN),1691,0.0005913660555884093,False,4
Brady Singer,SI,934,92.19496788008566,0.06745182012847965,0.07173447537473233,0.00478051391862955,sinker (SI),2275,0.4105494505494505,True,5
Brady Singer,SL,652,82.59907975460122,0.13803680981595093,0.12883435582822086,0.0013205521472392642,slider (SL),2275,0.2865934065934066,True,5
Brady Singer,ST,247,81.65222672064776,0.1659919028340081,0.0931174089068826,-0.006862348178137651,sweeper (ST),2275,0.10857142857142857,True,5
Brady Singer,FF,229,91.3650655021834,0.08733624454148471,0.0611353711790393,-0.012790393013100438,4-seam fastball (FF),2275,0.10065934065934067,True,5
Brady Singer,FC,213,87.47464788732394,0.11267605633802817,0.09389671361502347,0.007873239436619717,cutter (FC),2275,0.09362637362637363,True,5
Brandon Pfaadt,FF,561,93.60267379679144,0.09090909090909091,0.0748663101604278,-0.00318716577540107,4-seam fastball (FF),2344,0.2393344709897611,True,6
Brandon Pfaadt,SI,543,93.09558011049724,0.055248618784530384,0.11602209944751381,0.009202578268876611,sinker (SI),2344,0.23165529010238908,True,6
Brandon Pfaadt,ST,437,84.76407322654462,0.16704805491990846,0.10526315789473684,-0.011224256292906179,sweeper (ST),2344,0.1864334470989761,True,6
Brandon Pfaadt,CH,363,87.334435261708,0.14600550964187328,0.11570247933884298,-0.007834710743801652,changeup (CH),2344,0.15486348122866894,True,6
Brandon Pfaadt,CU,229,82.00305676855895,0.14410480349344978,0.05240174672489083,-0.027397379912663757,curveball (CU),2344,0.09769624573378839,True,6
Brandon Pfaadt,FC,209,89.78612440191387,0.07177033492822966,0.20095693779904306,0.012746411483253589,cutter (FC),2344,0.08916382252559726,True,6
Brandon Pfaadt,PO,2,91.0,0.0,0.0,-0.027000000000000003,PO (PO),2344,0.0008532423208191126,False,6
Brayan Bello,SI,765,95.30575163398692,0.043137254901960784,0.12679738562091503,0.0063006535947712425,sinker (SI),2176,0.3515625,True,5
Brayan Bello,ST,415,85.7033734939759,0.10602409638554217,0.06746987951807229,-0.017089156626506022,sweeper (ST),2176,0.19071691176470587,True,5
Brayan Bello,FC,336,88.23184523809525,0.12202380952380952,0.10119047619047619,-0.002526785714285714,cutter (FC),2176,0.15441176470588236,True,5
Brayan Bello,CH,332,88.8132530120482,0.1536144578313253,0.12048192771084337,-0.0014698795180722905,changeup (CH),2176,0.15257352941176472,True,5
Brayan Bello,FF,328,95.05396341463415,0.054878048780487805,0.11280487804878049,0.004118902439024389,4-seam fastball (FF),2176,0.15073529411764705,True,5
Bryan Woo,FF,1014,95.7138067061144,0.15680473372781065,0.08284023668639054,0.016574950690335304,4-seam fastball (FF),2165,0.46836027713625866,True,5
Bryan Woo,SI,559,95.41234347048301,0.05366726296958855,0.16636851520572452,0.011429338103756707,sinker (SI),2165,0.2581986143187067,True,5
Bryan Woo,SL,244,88.35245901639344,0.19262295081967212,0.04918032786885246,0.004000000000000001,slider (SL),2165,0.11270207852193996,True,5
Bryan Woo,ST,197,84.84720812182742,0.233502538071066,0.1116751269035533,1.0152284263957708e-05,sweeper (ST),2165,0.09099307159353348,True,5
Bryan Woo,CH,151,89.68940397350994,0.11258278145695365,0.1390728476821192,-0.003218543046357616,changeup (CH),2165,0.0697459584295612,True,5
Bryce Elder,SI,846,91.46572104018912,0.05673758865248227,0.09219858156028368,-0.002450354609929078,sinker (SI),1982,0.42684157416750756,True,4
Bryce Elder,SL,705,84.24468085106383,0.16453900709219857,0.1148936170212766,-0.003790070921985816,slider (SL),1982,0.3557013118062563,True,4
Bryce Elder,FF,230,92.75130434782608,0.08260869565217391,0.08695652173913043,-0.007295652173913043,4-seam fastball (FF),1982,0.11604439959636731,True,4
Bryce Elder,CH,201,86.60597014925372,0.06965174129353234,0.17412935323383086,-0.027820895522388058,changeup (CH),1982,0.10141271442986882,True,4
Cal Quantrill,FC,356,88.98848314606742,0.1151685393258427,0.09550561797752809,0.020168539325842696,cutter (FC),1607,0.22153080273802117,True,6
Cal Quantrill,SI,345,93.61391304347826,0.06086956521739131,0.11884057971014493,-0.008507246376811594,sinker (SI),1607,0.21468574984443062,True,6
Cal Quantrill,FS,331,86.34984894259819,0.11782477341389729,0.13293051359516617,-0.021486404833836858,splitter (FS),1607,0.2059738643434972,True,6
Cal Quantrill,FF,253,93.68814229249011,0.08300395256916997,0.06324110671936758,-0.019130434782608695,4-seam fastball (FF),1607,0.15743621655258244,True,6
Cal Quantrill,CU,183,80.1655737704918,0.1092896174863388,0.11475409836065574,-0.013071038251366119,curveball (CU),1607,0.11387678904791537,True,6
Cal Quantrill,SL,135,85.01407407407407,0.08148148148148149,0.07407407407407407,-0.0678,slider (SL),1607,0.08400746733042937,True,6
Cal Quantrill,CH,3,87.5,0.0,0.0,0.10366666666666667,changeup (CH),1607,0.001866832607342875,False,6
Cal Quantrill,CS,1,71.4,0.0,0.0,0.052,CS (CS),1607,0.0006222775357809583,False,6
Carlos Rodón,FF,1080,94.08981481481482,0.0962962962962963,0.08796296296296297,0.006734259259259259,4-seam fastball (FF),2579,0.41876696393951146,True,5
Carlos Rodón,SL,728,85.88310439560439,0.18818681318681318,0.09340659340659341,0.01660302197802198,slider (SL),2579,0.28227995347033735,True,5
Carlos Rodón,CH,418,85.04976076555025,0.18899521531100477,0.1507177033492823,0.016413875598086124,changeup (CH),2579,0.16207832493214425,True,5
Carlos Rodón,SI,251,91.97529880478088,0.12749003984063745,0.10358565737051793,0.009501992031872509,sinker (SI),2579,0.09732454439705313,True,5
Carlos Rodón,CU,97,80.25979381443298,0.10309278350515463,0.041237113402061855,-0.020072164948453607,curveball (CU),2579,0.03761147731678945,True,5
Carlos Rodón,FC,5,92.38,0.0,0.4,0.0938,cutter (FC),2579,0.0019387359441644049,False,5
Casey Mize,FF,629,94.56422893481717,0.0890302066772655,0.10810810810810811,0.0022003179650238475,4-seam fastball (FF),1899,0.3312269615587151,True,5
Casey Mize,FS,470,88.58063829787234,0.20851063829787234,0.12340425531914893,-0.01625744680851064,splitter (FS),1899,0.24749868351764087,True,5
Casey Mize,SL,314,88.12675159235668,0.08598726114649681,0.12738853503184713,0.014436305732484077,slider (SL),1899,0.1653501843075303,True,5
Casey Mize,SI,250,94.8012,0.056,0.196,0.013691999999999998,sinker (SI),1899,0.13164823591363875,True,5
Casey Mize,SV,236,83.63220338983051,0.15254237288135594,0.08050847457627118,-0.010830508474576271,slurve (SV),1899,0.12427593470247499,True,5
Charlie Morton,CU,785,81.46496815286625,0.18980891719745224,0.0980891719745223,0.0049464968152866245,curveball (CU),2046,0.3836754643206256,True,5
Charlie Morton,FF,557,94.25044883303411,0.09156193895870736,0.07719928186714542,-0.018868940754039498,4-seam fastball (FF),2046,0.272238514173998,True,5
Charlie Morton,SI,311,94.00482315112541,0.06430868167202572,0.12218649517684887,-0.01952411575562701,sinker (SI),2046,0.1520039100684262,True,5
Charlie Morton,CH,204,87.5063725490196,0.14215686274509803,0.10294117647058823,-0.01875490196078431,changeup (CH),2046,0.09970674486803519,True,5
Charlie Morton,FC,189,88.0936507936508,0.09523809523809523,0.06878306878306878,-0.007740740740740741,cutter (FC),2046,0.09237536656891496,True,5
Chris Bassitt,SI,916,91.54748908296943,0.0665938864628821,0.1168122270742358,-0.0007292576419213975,sinker (SI),2241,0.40874609549308344,True,8
Chris Bassitt,FC,380,88.59578947368422,0.14473684210526316,0.10263157894736842,-0.009163157894736842,cutter (FC),2241,0.16956715751896476,True,8
Chris Bassitt,CU,366,71.30109289617486,0.15027322404371585,0.12021857923497267,0.015112021857923496,curveball (CU),2241,0.16331994645247658,True,8
Chris Bassitt,FF,208,91.47067307692308,0.11538461538461539,0.09134615384615384,0.001336538461538461,4-seam fastball (FF),2241,0.0928157072735386,True,8
Chris Bassitt,ST,130,72.52,0.2692307692307692,0.1076923076923077,0.007115384615384616,sweeper (ST),2241,0.05800981704596162,True,8
Chris Bassitt,CH,86,84.52906976744185,0.08139534883720931,0.11627906976744186,-0.008941860465116278,changeup (CH),2241,0.038375725122713075,True,8
Chris Bassitt,FS,79,83.37594936708861,0.08860759493670886,0.10126582278481013,-0.045518987341772156,splitter (FS),2241,0.035252119589468986,True,8
Chris Bassitt,SL,76,83.61052631578947,0.06578947368421052,0.05263157894736842,-0.06493421052631579,slider (SL),2241,0.03391343150379295,True,8
Chris Paddack,FF,884,93.67194570135747,0.10180995475113122,0.10520361990950226,0.0039151583710407235,4-seam fastball (FF),2056,0.42996108949416345,True,6
Chris Paddack,CH,484,84.49028925619835,0.1384297520661157,0.14049586776859505,-0.007520661157024795,changeup (CH),2056,0.23540856031128404,True,6
Chris Paddack,FC,291,87.29725085910653,0.08934707903780069,0.10652920962199312,-0.0064776632302405495,cutter (FC),2056,0.14153696498054474,True,6
Chris Paddack,CU,245,78.14448979591837,0.0653061224489796,0.08979591836734693,-0.013346938775510204,curveball (CU),2056,0.11916342412451363,True,6
Chris Paddack,SI,102,93.39313725490196,0.0784313725490196,0.27450980392156865,-0.02348039215686275,sinker (SI),2056,0.04961089494163424,True,6
Chris Paddack,SL,50,84.81200000000001,0.14,0.04,-0.011559999999999997,slider (SL),2056,0.024319066147859923,True,6
Clay Holmes,SI,888,93.73412162162161,0.0731981981981982,0.11599099099099099,0.003509009009009008,sinker (SI),2201,0.40345297592003637,True,6
Clay Holmes,ST,417,81.90431654676259,0.09112709832134293,0.11031175059952038,-0.011223021582733814,sweeper (ST),2201,0.18945933666515222,True,6
Clay Holmes,CH,349,88.12091690544413,0.16332378223495703,0.09742120343839542,0.003951289398280802,changeup (CH),2201,0.15856428895956384,True,6
Clay Holmes,SL,226,85.30796460176991,0.1592920353982301,0.09734513274336283,-0.018026548672566374,slider (SL),2201,0.10268059972739664,True,6
Clay Holmes,FC,198,89.72222222222223,0.05555555555555555,0.12121212121212122,0.007308080808080807,cutter (FC),2201,0.08995910949568378,True,6
Clay Holmes,FF,123,93.19837398373983,0.10569105691056911,0.07317073170731707,0.008739837398373982,4-seam fastball (FF),2201,0.055883689232167195,True,6
Colin Rea,FF,860,93.85918604651162,0.08023255813953488,0.11046511627906977,0.0017232558139534877,4-seam fastball (FF),2040,0.4215686274509804,True,7
Colin Rea,FS,246,87.37317073170732,0.17073170731707318,0.08130081300813008,-0.02034552845528455,splitter (FS),2040,0.12058823529411765,True,7
Colin Rea,SI,215,92.97767441860465,0.06046511627906977,0.14418604651162792,0.005799999999999999,sinker (SI),2040,0.1053921568627451,True,7
Colin Rea,SL,196,85.19336734693879,0.19387755102040816,0.08673469387755102,-0.0019234693877551027,slider (SL),2040,0.09607843137254903,True,7
Colin Rea,CU,190,80.32,0.07894736842105263,0.07894736842105263,0.01013684210526316,curveball (CU),2040,0.09313725490196079,True,7
Colin Rea,ST,185,82.86702702702702,0.14054054054054055,0.15135135135135136,0.011416216216216215,sweeper (ST),2040,0.09068627450980392,True,7
Colin Rea,FC,148,88.19527027027027,0.06756756756756757,0.12162162162162163,0.017479729729729727,cutter (FC),2040,0.07254901960784314,True,7
Cristopher Sánchez,SI,1082,95.404532839963,0.06931608133086876,0.1266173752310536,0.01773475046210721,sinker (SI),2333,0.46378054007715386,True,3
Cristopher Sánchez,CH,863,86.28713789107763,0.24565469293163383,0.11355735805330243,0.016067207415990728,changeup (CH),2333,0.36990998714102014,True,3
Cristopher Sánchez,SL,388,85.70309278350516,0.17268041237113402,0.10309278350515463,0.002025773195876289,slider (SL),2333,0.16630947278182598,True,3
David Peterson,SI,644,91.2222049689441,0.046583850931677016,0.13509316770186336,0.006611801242236025,sinker (SI),2159,0.2982862436313108,True,5
David Peterson,FF,475,92.25157894736842,0.09263157894736843,0.07789473684210527,-0.011090526315789474,4-seam fastball (FF),2159,0.22000926354793887,True,5
David Peterson,SL,424,84.5816037735849,0.19811320754716982,0.08726415094339622,0.00029481132075471746,slider (SL),2159,0.19638721630384437,True,5
David Peterson,CH,316,84.5743670886076,0.12341772151898735,0.09177215189873418,-0.005860759493670886,changeup (CH),2159,0.14636405743399722,True,5
David Peterson,CU,300,78.674,0.13666666666666666,0.08666666666666667,0.014796666666666666,curveball (CU),2159,0.13895321908290875,True,5
Davis Martin,FF,610,93.96311475409836,0.10655737704918032,0.08852459016393442,0.0029426229508196715,4-seam fastball (FF),1873,0.3256807261078484,True,7
Davis Martin,CH,460,90.11434782608696,0.09565217391304348,0.13043478260869565,0.00802608695652174,changeup (CH),1873,0.24559530165509877,True,7
Davis Martin,SL,402,88.03731343283582,0.13930348258706468,0.12686567164179105,-0.02049502487562189,slider (SL),1873,0.21462893753336892,True,7
Davis Martin,SI,196,92.9015306122449,0.04081632653061224,0.14795918367346939,0.030153061224489797,sinker (SI),1873,0.10464495461825948,True,7
Davis Martin,CU,94,78.72021276595744,0.10638297872340426,0.05319148936170213,-0.028531914893617026,curveball (CU),1873,0.05018686599038975,True,7
Davis Martin,ST,79,83.50126582278482,0.10126582278481013,0.08860759493670886,-0.01259493670886076,sweeper (ST),1873,0.04217832354511479,True,7
Davis Martin,FC,31,89.87096774193549,0.22580645161290322,0.06451612903225806,-0.006709677419354833,cutter (FC),1873,0.016550987720234916,True,7
Davis Martin,UN,1,82.4,0.0,0.0,-0.031,UN (UN),1873,0.0005339028296849973,False,7
Dean Kremer,FF,572,93.31188811188811,0.08041958041958042,0.08916083916083917,-0.00262937062937063,4-seam fastball (FF),2167,0.2639593908629442,True,5
Dean Kremer,FS,469,81.83987206823028,0.22174840085287847,0.13432835820895522,0.00222174840085288,splitter (FS),2167,0.21642824180895248,True,5
Dean Kremer,FC,434,86.89377880184333,0.12211981566820276,0.1175115207373272,-0.006792626728110599,cutter (FC),2167,0.20027688047992617,True,5
Dean Kremer,SI,415,92.80867469879517,0.04096385542168675,0.1108433734939759,0.0035108433734939754,sinker (SI),2167,0.1915089986155976,True,5
Dean Kremer,CU,274,78.25985401459855,0.10583941605839416,0.12043795620437957,0.0017043795620437956,curveball (CU),2167,0.12644208583294878,True,5
Dean Kremer,SL,2,83.45,0.0,0.5,0.08,slider (SL),2167,0.0009229349330872173,False,5
Dean Kremer,PO,1,91.1,0.0,0.0,-0.113,PO (PO),2167,0.00046146746654360867,False,5
Drew Rasmussen,FF,655,95.80167938931298,0.11297709923664122,0.09618320610687023,0.017027480916030534,4-seam fastball (FF),1837,0.356559608056614,True,5
Drew Rasmussen,FC,571,90.30052539404554,0.15761821366024517,0.1138353765323993,0.018520140105078808,cutter (FC),1837,0.31083287969515516,True,5
Drew Rasmussen,SI,426,95.37957746478872,0.07276995305164319,0.13380281690140844,0.008375586854460094,sinker (SI),1837,0.23189983669025585,True,5
Drew Rasmussen,ST,87,84.5551724137931,0.12643678160919541,0.06896551724137931,-0.020528735632183905,sweeper (ST),1837,0.04735982580293958,True,5
Drew Rasmussen,CU,70,80.53571428571429,0.02857142857142857,0.04285714285714286,-0.0459,curveball (CU),1837,0.03810560696788242,True,5
Drew Rasmussen,CH,25,89.33200000000001,0.04,0.04,-0.002320000000000001,changeup (CH),1837,0.013609145345672292,False,5
Drew Rasmussen,SL,3,84.76666666666667,0.0,0.3333333333333333,0.123,slider (SL),1837,0.001633097441480675,False,5
Dustin May,ST,684,85.17616959064327,0.1067251461988304,0.097953216374269,0.0022149122807017542,sweeper (ST),1743,0.3924268502581756,True,4
Dustin May,SI,599,94.53873121869782,0.05008347245409015,0.11185308848080133,-0.013202003338898163,sinker (SI),1743,0.34366035570854847,True,4
Dustin May,FF,289,95.35363321799308,0.1314878892733564,0.08650519031141868,-0.0002871972318339099,4-seam fastball (FF),1743,0.16580608146873207,True,4
Dustin May,FC,156,91.3724358974359,0.08333333333333333,0.09615384615384616,-0.0038397435897435882,cutter (FC),1743,0.08950086058519793,True,4
Dustin May,CH,15,89.56,0.06666666666666667,0.2,-0.058533333333333326,changeup (CH),1743,0.008605851979345954,False,4
Dylan Cease,FF,1061,97.10876531573986,0.1234684260131951,0.09613572101790764,-0.0035032987747408116,4-seam fastball (FF),2442,0.4344799344799345,True,5
Dylan Cease,SL,982,89.04297352342158,0.22912423625254583,0.07739307535641547,0.002861507128309572,slider (SL),2442,0.4021294021294021,True,5
Dylan Cease,KC,205,82.23560975609756,0.1024390243902439,0.04878048780487805,-0.01953658536585366,knuckle curve (KC),2442,0.08394758394758395,True,5
Dylan Cease,SI,90,95.72777777777777,0.07777777777777778,0.14444444444444443,-0.02531111111111111,sinker (SI),2442,0.036855036855036855,True,5
Dylan Cease,ST,77,84.56363636363636,0.11688311688311688,0.1038961038961039,0.03051948051948052,sweeper (ST),2442,0.03153153153153153,True,5
Dylan Cease,CH,27,77.94074074074075,0.25925925925925924,0.1111111111111111,0.008962962962962963,changeup (CH),2442,0.011056511056511056,False,5
Eduardo Rodriguez,FF,962,92.01081081081081,0.0945945945945946,0.09771309771309772,-0.007965696465696465,4-seam fastball (FF),2085,0.46139088729016786,True,6
Eduardo Rodriguez,CH,423,85.93026004728132,0.13711583924349882,0.15839243498817968,-0.02725295508274232,changeup (CH),2085,0.20287769784172663,True,6
Eduardo Rodriguez,FC,332,89.22951807228915,0.10843373493975904,0.10542168674698796,0.007051204819277107,cutter (FC),2085,0.1592326139088729,True,6
Eduardo Rodriguez,SI,190,91.5078947368421,0.06315789473684211,0.16842105263157894,-0.01355263157894737,sinker (SI),2085,0.09112709832134293,True,6
Eduardo Rodriguez,CU,101,79.57722772277228,0.09900990099009901,0.1188118811881188,-0.00692079207920792,curveball (CU),2085,0.04844124700239808,True,6
Eduardo Rodriguez,SL,76,84.60131578947369,0.10526315789473684,0.09210526315789473,-0.057460526315789476,slider (SL),2085,0.03645083932853717,True,6
Eduardo Rodriguez,PO,1,89.0,0.0,0.0,-0.029,PO (PO),2085,0.00047961630695443646,False,6
Edward Cabrera,CH,477,94.22285115303984,0.13626834381551362,0.11740041928721175,0.014129979035639414,changeup (CH),1824,0.26151315789473684,True,5
Edward Cabrera,CU,424,83.95919811320753,0.1792452830188679,0.07311320754716981,0.01264858490566038,curveball (CU),1824,0.2324561403508772,True,5
Edward Cabrera,SI,369,96.91300813008131,0.03523035230352303,0.11924119241192412,-0.018227642276422765,sinker (SI),1824,0.20230263157894737,True,5
Edward Cabrera,SL,316,88.47594936708862,0.2088607594936709,0.08860759493670886,0.012414556962025317,slider (SL),1824,0.17324561403508773,True,5
Edward Cabrera,FF,238,96.96806722689077,0.07983193277310924,0.0546218487394958,-0.014588235294117647,4-seam fastball (FF),1824,0.13048245614035087,True,5
Erick Fedde,SI,644,93.22950310559007,0.040372670807453416,0.10403726708074534,-0.0025807453416149067,sinker (SI),1936,0.33264462809917356,True,4
Erick Fedde,FC,545,90.29926605504586,0.10275229357798166,0.12110091743119267,-0.01701834862385321,cutter (FC),1936,0.2815082644628099,True,4
Erick Fedde,ST,506,82.61620553359684,0.11857707509881422,0.09881422924901186,0.0015158102766798405,sweeper (ST),1936,0.26136363636363635,True,4
Erick Fedde,CH,221,87.61357466063347,0.06334841628959276,0.13574660633484162,-0.0016651583710407237,changeup (CH),1936,0.11415289256198347,True,4
Erick Fedde,FF,20,92.69,0.1,0.1,0.0319,4-seam fastball (FF),1936,0.010330578512396695,False,4
Framber Valdez,SI,1076,94.26384758364311,0.056691449814126396,0.12825278810408922,0.009193308550185873,sinker (SI),2327,0.46239793725827244,True,4
Framber Valdez,CU,770,79.43103896103896,0.21298701298701297,0.07142857142857142,0.0016584415584415587,curveball (CU),2327,0.3308981521272024,True,4
Framber Valdez,CH,408,89.7904411764706,0.14950980392156862,0.10049019607843138,-0.0043897058823529405,changeup (CH),2327,0.17533304684142673,True,4
Framber Valdez,SL,69,84.33623188405797,0.13043478260869565,0.10144927536231885,0.003565217391304348,slider (SL),2327,0.02965191233347658,True,4
Framber Valdez,FF,4,95.775,0.0,0.0,-0.734,4-seam fastball (FF),2327,0.0017189514396218307,False,4
Freddy Peralta,FF,1324,94.78814199395771,0.1095166163141994,0.07930513595166164,0.0077832326283987915,4-seam fastball (FF),2486,0.5325824617860017,True,5
Freddy Peralta,CH,533,88.91350844277675,0.1801125703564728,0.09568480300187618,0.01247279549718574,changeup (CH),2486,0.21440064360418343,True,5
Freddy Peralta,CU,315,79.4968253968254,0.13968253968253969,0.10793650793650794,0.014,curveball (CU),2486,0.12670957361222848,True,5
Freddy Peralta,SL,231,83.87359307359307,0.22077922077922077,0.08658008658008658,0.0032727272727272726,slider (SL),2486,0.09292035398230089,True,5
Freddy Peralta,CS,55,74.7890909090909,0.2727272727272727,0.14545454545454545,0.00972727272727273,CS (CS),2486,0.022123893805309734,True,5
Freddy Peralta,ST,28,80.0,0.25,0.07142857142857142,0.046964285714285715,sweeper (ST),2486,0.011263073209975865,False,5
Garrett Crochet,FF,906,96.39635761589405,0.13796909492273732,0.06181015452538632,-0.008397350993377484,4-seam fastball (FF),2550,0.3552941176470588,True,5
Garrett Crochet,FC,703,90.83854907539119,0.12944523470839261,0.12091038406827881,0.016620199146514938,cutter (FC),2550,0.27568627450980393,True,5
Garrett Crochet,SI,428,95.99742990654205,0.08644859813084112,0.11448598130841121,0.024514018691588788,sinker (SI),2550,0.16784313725490196,True,5
Garrett Crochet,ST,406,82.74950738916257,0.26354679802955666,0.1206896551724138,0.03810344827586207,sweeper (ST),2550,0.1592156862745098,True,5
Garrett Crochet,CH,105,87.70095238095239,0.19047619047619047,0.09523809523809523,0.015552380952380953,changeup (CH),2550,0.041176470588235294,True,5
Garrett Crochet,FS,1,93.1,0.0,0.0,-0.099,splitter (FS),2550,0.000392156862745098,False,5
Garrett Crochet,UN,1,21.7,0.0,0.0,-0.027,UN (UN),2550,0.000392156862745098,False,5
Gavin Williams,FF,862,96.64466357308585,0.11252900232018562,0.08004640371229699,-0.0091461716937355,4-seam fastball (FF),2319,0.3717119448037947,True,5
Gavin Williams,CU,518,82.02355212355212,0.14092664092664092,0.07915057915057915,0.014662162162162162,curveball (CU),2319,0.22337214316515738,True,5
Gavin Williams,ST,475,86.52105263157895,0.1936842105263158,0.06947368421052631,0.003858947368421053,sweeper (ST),2319,0.20482966796032773,True,5
Gavin Williams,FC,319,91.7962382445141,0.09090909090909091,0.13166144200626959,0.0013887147335423199,cutter (FC),2319,0.1375592927986201,True,5
Gavin Williams,SI,143,95.9013986013986,0.04895104895104895,0.1048951048951049,0.006958041958041959,sinker (SI),2319,0.06166451056489866,True,5
Gavin Williams,CH,2,87.55000000000001,0.0,0.0,0.002999999999999999,changeup (CH),2319,0.0008624407072013799,False,5
Germán Márquez,FF,582,94.78419243986255,0.0429553264604811,0.09450171821305842,-0.03901202749140894,4-seam fastball (FF),1696,0.3431603773584906,True,5
Germán Márquez,KC,541,85.48632162661737,0.18484288354898337,0.08872458410351201,-0.005678373382624767,knuckle curve (KC),1696,0.31898584905660377,True,5
Germán Márquez,SI,349,94.23724928366764,0.017191977077363897,0.15759312320916904,-0.012126074498567336,sinker (SI),1696,0.20577830188679244,True,5
Germán Márquez,SL,183,88.78196721311475,0.10382513661202186,0.12568306010928962,-0.028923497267759564,slider (SL),1696,0.10790094339622641,True,5
Germán Márquez,CH,41,88.38292682926829,0.04878048780487805,0.0975609756097561,-0.026682926829268296,changeup (CH),1696,0.024174528301886794,True,5
Hunter Brown,FF,910,96.5689010989011,0.11648351648351649,0.06263736263736264,0.013939560439560439,4-seam fastball (FF),2349,0.3873988931460196,True,6
Hunter Brown,SI,537,95.6685288640596,0.08752327746741155,0.15083798882681565,0.009329608938547486,sinker (SI),2349,0.22860791826309068,True,6
Hunter Brown,KC,403,83.53870967741935,0.17121588089330025,0.07196029776674938,0.01147394540942928,knuckle curve (KC),2349,0.1715623669646658,True,6
Hunter Brown,CH,272,88.16764705882352,0.11764705882352941,0.125,-0.007724264705882354,changeup (CH),2349,0.11579395487441464,True,6
Hunter Brown,SL,192,91.37395833333333,0.125,0.13541666666666666,0.010541666666666666,slider (SL),2349,0.08173690932311622,True,6
Hunter Brown,FC,35,93.18285714285715,0.08571428571428572,0.08571428571428572,-0.19319999999999998,cutter (FC),2349,0.01489995742869306,True,6
JP Sears,FF,761,92.22128777923784,0.1011826544021025,0.10512483574244415,-0.013285151116951381,4-seam fastball (FF),1867,0.4076057846813069,True,6
JP Sears,ST,490,79.2026530612245,0.11836734693877551,0.10612244897959183,0.0056897959183673475,sweeper (ST),1867,0.26245313336904125,True,6
JP Sears,CH,285,83.40561403508771,0.09824561403508772,0.14035087719298245,-0.004280701754385965,changeup (CH),1867,0.15265131226566683,True,6
JP Sears,SI,131,90.46259541984733,0.061068702290076333,0.1297709923664122,0.00683969465648855,sinker (SI),1867,0.07016604177825388,True,6
JP Sears,SL,122,80.78934426229507,0.09836065573770492,0.12295081967213115,0.014532786885245903,slider (SL),1867,0.06534547402249598,True,6
JP Sears,CU,66,79.43939393939394,0.10606060606060606,0.21212121212121213,-0.05275757575757575,curveball (CU),1867,0.03535083020889127,True,6
JP Sears,FC,12,88.125,0.0,0.08333333333333333,0.013249999999999998,cutter (FC),1867,0.006427423674343867,False,6
Jack Flaherty,FF,1067,92.87235238987816,0.07310215557638237,0.08997188378631678,-0.00115651358950328,4-seam fastball (FF),2259,0.4723328906595839,True,5
Jack Flaherty,KC,565,77.85132743362831,0.21238938053097345,0.0831858407079646,0.0011858407079646024,knuckle curve (KC),2259,0.2501106684373617,True,5
Jack Flaherty,SL,530,84.91641509433961,0.12641509433962264,0.10566037735849057,0.00888679245283019,slider (SL),2259,0.23461708720672864,True,5
Jack Flaherty,CH,64,85.8265625,0.09375,0.03125,-0.029015625,changeup (CH),2259,0.0283311199645861,True,5
Jack Flaherty,SI,33,90.88484848484848,0.12121212121212122,0.030303030303030304,-0.052515151515151515,sinker (SI),2259,0.014608233731739707,True,5
Jack Leiter,FF,765,97.30993464052288,0.09542483660130718,0.08627450980392157,0.01380392156862745,4-seam fastball (FF),2009,0.38078646092583374,True,5
Jack Leiter,SL,460,87.52652173913043,0.14130434782608695,0.11739130434782609,-0.0009760869565217409,slider (SL),2009,0.22896963663514186,True,5
Jack Leiter,CH,340,90.62764705882353,0.12941176470588237,0.07941176470588235,-0.01149705882352941,changeup (CH),2009,0.16923842707814835,True,5
Jack Leiter,SI,246,96.07479674796748,0.06910569105691057,0.10569105691056911,0.002934959349593495,sinker (SI),2009,0.12244897959183673,True,5
Jack Leiter,CU,197,81.93553299492386,0.12690355329949238,0.05583756345177665,-0.020335025380710657,curveball (CU),2009,0.09805873568939771,True,5
Jack Leiter,PO,1,94.7,0.0,0.0,-0.035,PO (PO),2009,0.0004977600796416127,False,5
Jacob deGrom,FF,964,97.48101659751038,0.11721991701244813,0.11099585062240663,0.014808091286307055,4-seam fastball (FF),2097,0.4597043395326657,True,4
Jacob deGrom,SL,773,90.36131953428202,0.1888745148771022,0.11254851228978008,0.010338939197930143,slider (SL),2097,0.368621840724845,True,4
Jacob deGrom,CH,250,89.8444,0.176,0.052,-0.004431999999999999,changeup (CH),2097,0.11921793037672866,True,4
Jacob deGrom,CU,110,80.83636363636364,0.14545454545454545,0.07272727272727272,0.013436363636363637,curveball (CU),2097,0.05245588936576061,True,4
Jake Irvin,FF,757,92.38282694848085,0.0845442536327609,0.08982826948480846,-0.009025099075297227,4-seam fastball (FF),2367,0.3198141106886354,True,6
Jake Irvin,CU,701,77.7681883024251,0.11269614835948645,0.09415121255349501,-0.009667617689015692,curveball (CU),2367,0.296155471060414,True,6
Jake Irvin,SI,526,91.93612167300381,0.051330798479087454,0.15399239543726237,0.004007604562737643,sinker (SI),2367,0.2222222222222222,True,6
Jake Irvin,CH,179,85.65083798882682,0.08379888268156424,0.1340782122905028,-0.05105586592178771,changeup (CH),2367,0.07562315166877905,True,6
Jake Irvin,FC,106,87.2,0.08490566037735849,0.10377358490566038,-0.0145188679245283,cutter (FC),2367,0.04478242501056189,True,6
Jake Irvin,SL,97,83.5041237113402,0.061855670103092786,0.14432989690721648,-0.003701030927835052,slider (SL),2367,0.0409801436417406,True,6
Jake Irvin,PO,1,88.8,0.0,0.0,-0.054,PO (PO),2367,0.0004224757076468103,False,6
Jeffrey Springs,FF,979,90.71899897854954,0.06537282941777324,0.09193054136874361,0.0032798774259448415,4-seam fastball (FF),2295,0.42657952069716776,True,5
Jeffrey Springs,CH,578,79.16608996539793,0.23529411764705882,0.16782006920415224,-0.005882352941176471,changeup (CH),2295,0.2518518518518518,True,5
Jeffrey Springs,SL,469,83.47889125799573,0.09168443496801706,0.1023454157782516,0.00799360341151386,slider (SL),2295,0.20435729847494552,True,5
Jeffrey Springs,ST,138,76.24710144927536,0.10869565217391304,0.10869565217391304,0.023449275362318844,sweeper (ST),2295,0.06013071895424837,True,5
Jeffrey Springs,FC,131,86.86870229007633,0.10687022900763359,0.10687022900763359,-0.022748091603053435,cutter (FC),2295,0.05708061002178649,True,5
Jesús Luzardo,FF,813,96.48351783517836,0.09225092250922509,0.09348093480934809,0.005570725707257071,4-seam fastball (FF),2420,0.3359504132231405,True,5
Jesús Luzardo,ST,773,86.1248382923674,0.1888745148771022,0.06727037516170763,0.014201811125485122,sweeper (ST),2420,0.3194214876033058,True,5
Jesús Luzardo,CH,430,87.85488372093023,0.19534883720930232,0.14651162790697675,0.011667441860465116,changeup (CH),2420,0.17768595041322313,True,5
Jesús Luzardo,SI,255,95.78901960784314,0.09411764705882353,0.12549019607843137,-0.015160784313725492,sinker (SI),2420,0.10537190082644628,True,5
Jesús Luzardo,SL,149,86.548322147651,0.18120805369127516,0.10738255033557047,-0.005167785234899326,slider (SL),2420,0.0615702479338843,True,5
Joe Ryan,FF,1075,93.64055813953489,0.14046511627906977,0.09302325581395349,0.01345953488372093,4-seam fastball (FF),2169,0.4956201014292301,True,6
Joe Ryan,ST,291,80.63676975945017,0.14432989690721648,0.10309278350515463,-0.004079037800687286,sweeper (ST),2169,0.13416320885200553,True,6
Joe Ryan,SI,277,93.15090252707581,0.06859205776173286,0.09025270758122744,0.0027581227436823093,sinker (SI),2169,0.12770862148455508,True,6
Joe Ryan,FS,227,87.65947136563877,0.07048458149779736,0.08370044052863436,-0.02247136563876652,splitter (FS),2169,0.10465652374366068,True,6
Joe Ryan,SL,208,88.03076923076924,0.09134615384615384,0.10096153846153846,-0.008427884615384617,slider (SL),2169,0.0958967266021208,True,6
Joe Ryan,KC,90,79.14555555555556,0.17777777777777778,0.07777777777777778,0.008477777777777779,knuckle curve (KC),2169,0.04149377593360996,True,6
Joe Ryan,UN,1,56.5,0.0,0.0,-0.029,UN (UN),2169,0.0004610419548178884,False,6
Jose Quintana,SI,763,90.51349934469201,0.04456094364351245,0.0891218872870249,-0.0006644823066841423,sinker (SI),1741,0.4382538770821367,True,5
Jose Quintana,CH,389,85.57172236503857,0.09254498714652956,0.13110539845758354,-0.00226478149100257,changeup (CH),1741,0.2234348075818495,True,5
Jose Quintana,CU,243,78.19341563786008,0.09465020576131687,0.12757201646090535,0.005950617283950618,curveball (CU),1741,0.13957495692130958,True,5
Jose Quintana,FF,198,90.41868686868688,0.09595959595959595,0.11616161616161616,-0.013843434343434343,4-seam fastball (FF),1741,0.11372774267662263,True,5
Jose Quintana,SV,148,78.4412162162162,0.16891891891891891,0.1554054054054054,0.01676351351351351,slurve (SV),1741,0.08500861573808156,True,5
José Berríos,SI,697,92.16800573888092,0.040172166427546625,0.11621233859397417,-0.000437589670014347,sinker (SI),2079,0.33525733525733525,True,5
José Berríos,SV,539,82.5352504638219,0.14471243042671614,0.09833024118738404,-0.00967903525046382,slurve (SV),2079,0.25925925925925924,True,5
José Berríos,FF,375,93.0256,0.06933333333333333,0.09866666666666667,-0.007717333333333335,4-seam fastball (FF),2079,0.18037518037518038,True,5
José Berríos,CH,346,85.15462427745665,0.17341040462427745,0.1416184971098266,-7.514450867051917e-05,changeup (CH),2079,0.16642616642616642,True,5
José Berríos,FC,121,89.52644628099173,0.09917355371900827,0.1652892561983471,-0.007876033057851237,cutter (FC),2079,0.0582010582010582,True,5
José Berríos,UN,1,63.5,0.0,0.0,-0.027,UN (UN),2079,0.000481000481000481,False,5
José Soriano,SI,1096,97.19981751824818,0.07937956204379562,0.13138686131386862,-0.003666970802919708,sinker (SI),2209,0.49615210502489815,True,5
José Soriano,KC,583,85.23207547169812,0.1595197255574614,0.08061749571183534,0.0037101200686106344,knuckle curve (KC),2209,0.26392032593933906,True,5
José Soriano,FS,201,92.2273631840796,0.19402985074626866,0.05472636815920398,0.006343283582089552,splitter (FS),2209,0.09099139882299682,True,5
José Soriano,FF,191,97.8869109947644,0.11518324607329843,0.06282722513089005,0.006167539267015706,4-seam fastball (FF),2209,0.08646446355817111,True,5
José Soriano,SL,130,89.13615384615385,0.2230769230769231,0.06153846153846154,-0.0013153846153846178,slider (SL),2209,0.058850158442734266,True,5
José Soriano,CH,8,86.85,0.125,0.0,-0.01725,changeup (CH),2209,0.0036215482118605704,False,5
Justin Verlander,FF,951,93.92355415352262,0.08622502628811778,0.10304942166140904,0.0015236593059936919,4-seam fastball (FF),2120,0.44858490566037734,True,5
Justin Verlander,SL,488,87.13504098360656,0.17827868852459017,0.10655737704918032,-0.01473360655737705,slider (SL),2120,0.23018867924528302,True,5
Justin Verlander,CU,321,78.43831775700934,0.1059190031152648,0.09345794392523364,-0.008669781931464175,curveball (CU),2120,0.15141509433962264,True,5
Justin Verlander,CH,184,84.6304347826087,0.13043478260869565,0.125,0.0032282608695652177,changeup (CH),2120,0.08679245283018867,True,5
Justin Verlander,ST,167,80.58982035928143,0.12574850299401197,0.15568862275449102,0.040185628742514974,sweeper (ST),2120,0.07877358490566037,True,5
Justin Verlander,SI,9,93.0,0.2222222222222222,0.1111111111111111,-0.1167777777777778,sinker (SI),2120,0.0042452830188679245,False,5
Kevin Gausman,FF,1314,94.46278538812786,0.0852359208523592,0.10121765601217655,0.013291476407914764,4-seam fastball (FF),2450,0.5363265306122449,True,3
Kevin Gausman,FS,908,84.90671806167401,0.2026431718061674,0.10242290748898679,0.008009911894273128,splitter (FS),2450,0.3706122448979592,True,3
Kevin Gausman,SL,226,83.2504424778761,0.13274336283185842,0.06637168141592921,-0.011836283185840707,slider (SL),2450,0.09224489795918367,True,3
Kevin Gausman,SI,2,93.65,0.0,0.5,0.10250000000000001,sinker (SI),2450,0.0008163265306122449,False,3
Kyle Freeland,FF,642,91.6278816199377,0.0529595015576324,0.1308411214953271,-0.018733644859813083,4-seam fastball (FF),1970,0.32588832487309644,True,6
Kyle Freeland,KC,531,82.52297551789077,0.1807909604519774,0.09792843691148775,0.009097928436911488,knuckle curve (KC),1970,0.26954314720812184,True,6
Kyle Freeland,FC,304,87.29802631578947,0.10526315789473684,0.1118421052631579,-0.0035328947368421055,cutter (FC),1970,0.15431472081218275,True,6
Kyle Freeland,ST,251,83.57569721115537,0.12350597609561753,0.12749003984063745,-0.014653386454183268,sweeper (ST),1970,0.12741116751269035,True,6
Kyle Freeland,CH,121,86.34297520661157,0.049586776859504134,0.08264462809917356,-0.016041322314049585,changeup (CH),1970,0.06142131979695432,True,6
Kyle Freeland,SI,121,91.37107438016528,0.05785123966942149,0.1322314049586777,-0.013809917355371903,sinker (SI),1970,0.06142131979695432,True,6
Kyle Hendricks,SI,797,86.18745294855708,0.050188205771643665,0.1468005018820577,-0.005478042659974908,sinker (SI),2064,0.3861434108527132,True,4
Kyle Hendricks,CH,788,79.44555837563452,0.14974619289340102,0.16878172588832488,0.01130456852791878,changeup (CH),2064,0.3817829457364341,True,4
Kyle Hendricks,FF,308,86.50129870129871,0.08441558441558442,0.09740259740259741,0.009753246753246752,4-seam fastball (FF),2064,0.14922480620155038,True,4
Kyle Hendricks,CU,169,72.30887573964498,0.023668639053254437,0.047337278106508875,-0.029213017751479293,curveball (CU),2064,0.08187984496124032,True,4
Kyle Hendricks,PO,2,84.55000000000001,0.0,0.0,-0.0395,PO (PO),2064,0.0009689922480620155,False,4
Logan Allen,FF,728,91.22678571428573,0.09752747252747253,0.07967032967032966,-0.008958791208791209,4-seam fastball (FF),2172,0.3351749539594843,True,5
Logan Allen,ST,513,78.05302144249512,0.10526315789473684,0.10331384015594541,-0.007939571150097467,sweeper (ST),2172,0.2361878453038674,True,5
Logan Allen,CH,385,82.44935064935065,0.09610389610389611,0.15584415584415584,-0.008592207792207793,changeup (CH),2172,0.17725598526703498,True,5
Logan Allen,SI,285,88.99333333333333,0.0456140350877193,0.0912280701754386,0.007796491228070176,sinker (SI),2172,0.13121546961325967,True,5
Logan Allen,FC,257,85.72568093385215,0.0933852140077821,0.07392996108949416,-0.0021828793774319065,cutter (FC),2172,0.11832412523020258,True,5
Logan Allen,SL,4,83.375,0.25,0.0,0.011000000000000003,slider (SL),2172,0.001841620626151013,False,5
Logan Gilbert,FF,646,95.40030959752322,0.12074303405572756,0.08513931888544891,0.006363777089783282,4-seam fastball (FF),1758,0.36746302616609783,True,4
Logan Gilbert,SL,622,87.46961414790997,0.1639871382636656,0.09646302250803858,-8.681672025723447e-05,slider (SL),1758,0.35381114903299204,True,4
Logan Gilbert,FS,342,81.72573099415204,0.2894736842105263,0.06725146198830409,0.022043859649122807,splitter (FS),1758,0.1945392491467577,True,4
Logan Gilbert,CU,128,82.196875,0.171875,0.0546875,0.00011718749999999924,curveball (CU),1758,0.07281001137656427,True,4
Logan Gilbert,SI,20,94.89,0.05,0.0,-0.06260000000000002,sinker (SI),1758,0.011376564277588168,False,4
Logan Webb,SI,892,92.5396860986547,0.053811659192825115,0.12331838565022421,0.008687219730941704,sinker (SI),2624,0.3399390243902439,True,5
Logan Webb,ST,700,84.64185714285715,0.11571428571428571,0.08428571428571428,-0.0005257142857142859,sweeper (ST),2624,0.26676829268292684,True,5
Logan Webb,CH,639,86.47981220657277,0.17996870109546165,0.107981220657277,0.012181533646322379,changeup (CH),2624,0.24352134146341464,True,5
Logan Webb,FF,201,92.73233830845771,0.20398009950248755,0.04975124378109453,-0.0022288557213930352,4-seam fastball (FF),2624,0.07660060975609756,True,5
Logan Webb,FC,192,91.06197916666667,0.10416666666666667,0.11979166666666667,-0.0031927083333333326,cutter (FC),2624,0.07317073170731707,True,5
Lucas Giolito,FF,891,93.25286195286196,0.07856341189674523,0.0931537598204265,0.002662177328843995,4-seam fastball (FF),1855,0.4803234501347709,True,4
Lucas Giolito,SL,479,86.00041753653444,0.1440501043841336,0.0918580375782881,0.005509394572025051,slider (SL),1855,0.2582210242587601,True,4
Lucas Giolito,CH,418,81.66555023923445,0.14114832535885166,0.11961722488038277,-0.008339712918660288,changeup (CH),1855,0.22533692722371967,True,4
Lucas Giolito,CU,66,78.64393939393939,0.06060606060606061,0.06060606060606061,-0.004030303030303031,curveball (CU),1855,0.03557951482479784,True,4
Lucas Giolito,PO,1,94.1,0.0,0.0,-0.044,PO (PO),1855,0.0005390835579514825,False,4
Luis Castillo,FF,1111,94.95607560756075,0.1476147614761476,0.0891089108910891,0.010297929792979298,4-seam fastball (FF),2383,0.46621905161561056,True,4
Luis Castillo,SI,519,94.83025048169557,0.055876685934489405,0.14450867052023122,-0.005373795761078998,sinker (SI),2383,0.21779269827947964,True,4
Luis Castillo,SL,477,84.51299790356394,0.15932914046121593,0.07337526205450734,0.002647798742138365,slider (SL),2383,0.20016785564414605,True,4
Luis Castillo,CH,276,87.15833333333333,0.10144927536231885,0.11594202898550725,-0.012257246376811592,changeup (CH),2383,0.11582039446076374,True,4
Luis Severino,FF,616,96.12337662337663,0.09902597402597403,0.07792207792207792,-0.004246753246753247,4-seam fastball (FF),2189,0.2814070351758794,True,6
Luis Severino,ST,541,84.57190388170056,0.08872458410351201,0.11090573012939002,-0.004619223659889094,sweeper (ST),2189,0.24714481498401097,True,6
Luis Severino,SI,433,95.54734411085451,0.05542725173210162,0.16628175519630484,0.003547344110854503,sinker (SI),2189,0.19780721790772043,True,6
Luis Severino,FC,384,93.28098958333334,0.06770833333333333,0.09895833333333333,0.0014947916666666666,cutter (FC),2189,0.1754225673823664,True,6
Luis Severino,CH,119,86.20336134453783,0.1092436974789916,0.11764705882352941,-0.03077310924369748,changeup (CH),2189,0.054362722704431245,True,6
Luis Severino,SL,96,87.05208333333333,0.0625,0.14583333333333334,0.00996875,slider (SL),2189,0.0438556418455916,True,6
MacKenzie Gore,FF,1122,95.25436720142602,0.10606060606060606,0.08199643493761141,-0.00020855614973262036,4-seam fastball (FF),2267,0.4949272165857962,True,5
MacKenzie Gore,CU,543,81.59668508287292,0.16206261510128914,0.06445672191528545,0.003683241252302025,curveball (CU),2267,0.23952359947066607,True,5
MacKenzie Gore,SL,279,86.71362007168459,0.2078853046594982,0.08960573476702509,0.009702508960573477,slider (SL),2267,0.12307013674459638,True,5
MacKenzie Gore,CH,228,86.12061403508773,0.19298245614035087,0.11403508771929824,-0.02793859649122807,changeup (CH),2267,0.10057344508160565,True,5
MacKenzie Gore,FC,95,90.34526315789473,0.24210526315789474,0.05263157894736842,0.018621052631578948,cutter (FC),2267,0.04190560211733568,True,5
Matthew Boyd,FF,1018,93.3048133595285,0.09332023575638507,0.1031434184675835,0.008875245579567778,4-seam fastball (FF),2179,0.4671867829279486,True,5
Matthew Boyd,CH,519,78.70269749518305,0.18882466281310212,0.14065510597302505,0.009710982658959538,changeup (CH),2179,0.23818265259293253,True,5
Matthew Boyd,SL,332,82.01144578313253,0.1686746987951807,0.11144578313253012,0.00025000000000000087,slider (SL),2179,0.1523634694814135,True,5
Matthew Boyd,CU,249,73.58032128514056,0.06827309236947791,0.07630522088353414,-0.010016064257028112,curveball (CU),2179,0.11427260211106012,True,5
Matthew Boyd,SI,61,91.34426229508196,0.09836065573770492,0.16393442622950818,-0.011573770491803278,sinker (SI),2179,0.02799449288664525,True,5
Matthew Liberatore,FF,552,93.87409420289855,0.06521739130434782,0.12681159420289856,0.003346014492753622,4-seam fastball (FF),1902,0.2902208201892745,True,6
Matthew Liberatore,SL,411,86.39489051094891,0.19464720194647203,0.1192214111922141,0.017591240875912406,slider (SL),1902,0.21608832807570977,True,6
Matthew Liberatore,CU,296,77.43851351351351,0.11148648648648649,0.07094594594594594,-0.005736486486486486,curveball (CU),1902,0.15562565720294427,True,6
Matthew Liberatore,CH,230,88.43739130434783,0.08260869565217391,0.1391304347826087,0.027569565217391304,changeup (CH),1902,0.12092534174553102,True,6
Matthew Liberatore,SI,212,93.96462264150944,0.02830188679245283,0.10849056603773585,-0.00594811320754717,sinker (SI),1902,0.11146161934805468,True,6
Matthew Liberatore,FC,199,90.16432160804021,0.06532663316582915,0.1457286432160804,-0.044698492462311556,cutter (FC),1902,0.1046267087276551,True,6
Matthew Liberatore,PO,2,86.6,0.0,0.0,0.094,PO (PO),1902,0.0010515247108307045,False,6
Max Fried,FC,708,93.52245762711864,0.1059322033898305,0.14124293785310735,0.014100282485875705,cutter (FC),2484,0.28502415458937197,True,7
Max Fried,SI,430,94.07069767441861,0.12325581395348838,0.10697674418604651,0.004367441860465116,sinker (SI),2484,0.17310789049919484,True,7
Max Fried,CU,429,75.17762237762238,0.15151515151515152,0.07459207459207459,0.00814918414918415,curveball (CU),2484,0.17270531400966183,True,7
Max Fried,FF,306,95.87777777777778,0.13398692810457516,0.12418300653594772,-0.006336601307189541,4-seam fastball (FF),2484,0.12318840579710146,True,7
Max Fried,ST,295,81.55016949152542,0.13898305084745763,0.07457627118644068,-0.004383050847457629,sweeper (ST),2484,0.11876006441223833,True,7
Max Fried,CH,276,85.22210144927536,0.15579710144927536,0.14130434782608695,0.012967391304347826,changeup (CH),2484,0.1111111111111111,True,7
Max Fried,SL,40,85.435,0.15,0.125,0.010550000000000002,slider (SL),2484,0.01610305958132045,True,7
Merrill Kelly,CH,613,88.28287112561175,0.18923327895595432,0.12561174551386622,0.0032185970636215326,changeup (CH),2271,0.26992514310876264,True,6
Merrill Kelly,FF,510,91.8986274509804,0.10588235294117647,0.08627450980392157,0.0013843137254901966,4-seam fastball (FF),2271,0.22457067371202113,True,6
Merrill Kelly,FC,473,90.6122621564482,0.07822410147991543,0.09302325581395349,0.017291754756871038,cutter (FC),2271,0.20827829150154117,True,6
Merrill Kelly,SI,296,92.25912162162163,0.037162162162162164,0.16554054054054054,-0.04186486486486487,sinker (SI),2271,0.13033905768383972,True,6
Merrill Kelly,CU,215,81.66883720930232,0.08837209302325581,0.11627906976744186,-0.0064046511627906975,curveball (CU),2271,0.09467195068251871,True,6
Merrill Kelly,SL,164,85.81768292682926,0.16463414634146342,0.12804878048780488,0.02554878048780488,slider (SL),2271,0.0722148833113166,True,6
Michael Lorenzen,FF,410,93.93487804878049,0.07317073170731707,0.08292682926829269,-0.011302439024390244,4-seam fastball (FF),1849,0.22174148188209844,True,7
Michael Lorenzen,SI,341,92.93431085043987,0.05278592375366569,0.10850439882697947,-0.0004105571847507327,sinker (SI),1849,0.18442401297998917,True,7
Michael Lorenzen,CH,315,83.7231746031746,0.19047619047619047,0.13333333333333333,0.0009587301587301578,changeup (CH),1849,0.17036235803136832,True,7
Michael Lorenzen,SL,217,85.19769585253457,0.12903225806451613,0.12903225806451613,0.011705069124423963,slider (SL),1849,0.11736073553272039,True,7
Michael Lorenzen,CU,211,82.16919431279621,0.12322274881516587,0.08056872037914692,-0.040511848341232226,curveball (CU),1849,0.1141157382368848,True,7
Michael Lorenzen,FC,199,90.21859296482413,0.10552763819095477,0.1407035175879397,0.0048241206030150766,cutter (FC),1849,0.10762574364521363,True,7
Michael Lorenzen,ST,156,82.3025641025641,0.10897435897435898,0.1858974358974359,-0.001070512820512819,sweeper (ST),1849,0.08436992969172526,True,7
Michael Wacha,FF,570,93.02947368421053,0.07894736842105263,0.09824561403508772,0.0046789473684210525,4-seam fastball (FF),2123,0.2684879886952426,True,6
Michael Wacha,CH,549,79.77996357012749,0.1621129326047359,0.1493624772313297,0.03015664845173042,changeup (CH),2123,0.2585963259538389,True,6
Michael Wacha,FC,318,88.16352201257861,0.09119496855345911,0.12578616352201258,0.005798742138364779,cutter (FC),2123,0.1497880357983985,True,6
Michael Wacha,SI,272,93.19007352941176,0.051470588235294115,0.13602941176470587,-0.03773529411764706,sinker (SI),2123,0.1281205840791333,True,6
Michael Wacha,SL,249,84.87349397590361,0.15261044176706828,0.13253012048192772,0.0019919678714859445,slider (SL),2123,0.1172868582195007,True,6
Michael Wacha,CU,165,75.09454545454545,0.08484848484848485,0.05454545454545454,-0.010775757575757576,curveball (CU),2123,0.07772020725388601,True,6
Miles Mikolas,FF,547,92.95210237659964,0.08409506398537477,0.09323583180987204,-0.007652650822669104,4-seam fastball (FF),1958,0.27936670071501535,True,6
Miles Mikolas,SL,442,87.7947963800905,0.08823529411764706,0.12669683257918551,-0.007864253393665158,slider (SL),1958,0.2257405515832482,True,6
Miles Mikolas,CU,349,76.14441260744987,0.08595988538681948,0.09169054441260745,-0.012865329512893984,curveball (CU),1958,0.17824310520939735,True,6
Miles Mikolas,SI,335,92.36089552238806,0.05373134328358209,0.15223880597014924,-0.009208955223880598,sinker (SI),1958,0.1710929519918284,True,6
Miles Mikolas,CH,221,85.98461538461538,0.058823529411764705,0.1583710407239819,-0.006239819004524887,changeup (CH),1958,0.1128702757916241,True,6
Miles Mikolas,ST,57,80.77894736842104,0.07017543859649122,0.15789473684210525,-0.04003508771929824,sweeper (ST),1958,0.029111338100102146,True,6
Miles Mikolas,CS,5,69.2,0.0,0.0,-0.0446,CS (CS),1958,0.002553626149131767,False,6
Miles Mikolas,PO,2,89.55,0.0,0.0,-0.027000000000000003,PO (PO),1958,0.0010214504596527069,False,6
Mitch Keller,FF,808,94.09591584158416,0.09034653465346534,0.09034653465346534,0.0033019801980198014,4-seam fastball (FF),2315,0.3490280777537797,True,6
Mitch Keller,ST,443,82.31941309255079,0.13544018058690746,0.11060948081264109,0.010494356659142213,sweeper (ST),2315,0.1913606911447084,True,6
Mitch Keller,SI,404,92.90148514851485,0.04950495049504951,0.10891089108910891,-0.0005297029702970295,sinker (SI),2315,0.17451403887688985,True,6
Mitch Keller,SL,330,86.95363636363636,0.1484848484848485,0.1303030303030303,-0.007060606060606061,slider (SL),2315,0.14254859611231102,True,6
Mitch Keller,CU,167,77.37185628742515,0.08383233532934131,0.04790419161676647,-0.01037125748502994,curveball (CU),2315,0.07213822894168466,True,6
Mitch Keller,CH,160,89.209375,0.0875,0.1125,-0.01668125,changeup (CH),2315,0.06911447084233262,True,6
Mitch Keller,FC,3,92.39999999999999,0.0,0.0,-0.17066666666666666,cutter (FC),2315,0.0012958963282937365,False,6
Mitchell Parker,FF,1217,92.93188167625308,0.05258833196384552,0.11010682004930156,-0.0008553820870994249,4-seam fastball (FF),2177,0.5590261828203951,True,4
Mitchell Parker,CU,472,81.10360169491526,0.1419491525423729,0.08898305084745763,-0.014955508474576272,curveball (CU),2177,0.21681212677997244,True,4
Mitchell Parker,SL,261,84.95862068965518,0.19540229885057472,0.12260536398467432,-0.0041072796934865895,slider (SL),2177,0.11988975654570509,True,4
Mitchell Parker,FS,227,85.39471365638767,0.14537444933920704,0.12334801762114538,0.013541850220264317,splitter (FS),2177,0.10427193385392743,True,4
Nick Lodolo,CU,563,81.89733570159858,0.20603907637655416,0.08703374777975133,0.0030195381882770875,curveball (CU),1973,0.2853522554485555,True,4
Nick Lodolo,FF,542,93.86402214022141,0.1033210332103321,0.08302583025830258,-0.013719557195571956,4-seam fastball (FF),1973,0.2747085656360872,True,4
Nick Lodolo,SI,438,93.70547945205479,0.07077625570776255,0.14383561643835616,-0.0028105022831050224,sinker (SI),1973,0.22199695894576787,True,4
Nick Lodolo,CH,430,87.8446511627907,0.1511627906976744,0.14883720930232558,0.012632558139534882,changeup (CH),1973,0.21794221996958946,True,4
Nick Martinez,FF,449,92.61291759465479,0.053452115812917596,0.12249443207126949,-0.01634075723830735,4-seam fastball (FF),2075,0.2163855421686747,True,6
Nick Martinez,FC,429,89.12307692307694,0.0979020979020979,0.12121212121212122,0.005937062937062937,cutter (FC),2075,0.20674698795180724,True,6
Nick Martinez,CH,408,78.5264705882353,0.14215686274509803,0.13725490196078433,-0.008318627450980392,changeup (CH),2075,0.1966265060240964,True,6
Nick Martinez,SI,339,92.44896755162242,0.058997050147492625,0.14749262536873156,0.007935103244837758,sinker (SI),2075,0.16337349397590362,True,6
Nick Martinez,SL,229,84.95502183406114,0.1615720524017467,0.1222707423580786,-0.002803493449781659,slider (SL),2075,0.11036144578313253,True,6
Nick Martinez,CU,221,79.79411764705883,0.04524886877828054,0.10407239819004525,0.006524886877828053,curveball (CU),2075,0.10650602409638554,True,6
Nick Pivetta,FF,1092,93.80641025641026,0.11996336996336997,0.08516483516483517,0.015496336996336997,4-seam fastball (FF),2289,0.47706422018348627,True,5
Nick Pivetta,CU,500,79.0326,0.062,0.096,-1.5999999999999044e-05,curveball (CU),2289,0.218435998252512,True,5
Nick Pivetta,ST,431,81.92877030162414,0.1902552204176334,0.12064965197215777,0.011897911832946636,sweeper (ST),2289,0.18829183049366535,True,5
Nick Pivetta,FC,199,90.30100502512563,0.06532663316582915,0.1306532663316583,0.01778391959798995,cutter (FC),2289,0.08693752730449979,True,5
Nick Pivetta,SI,49,93.1938775510204,0.0,0.20408163265306123,-0.018142857142857145,sinker (SI),2289,0.021406727828746176,True,5
Nick Pivetta,SL,13,86.92307692307692,0.07692307692307693,0.07692307692307693,-0.12346153846153846,slider (SL),2289,0.005679335954565312,False,5
Nick Pivetta,FS,5,87.32000000000001,0.0,0.0,0.017599999999999998,splitter (FS),2289,0.00218435998252512,False,5
Noah Cameron,FF,457,92.31684901531729,0.05470459518599562,0.12253829321663019,-0.003940919037199127,4-seam fastball (FF),1751,0.2609937178754997,True,5
Noah Cameron,FC,369,88.16124661246613,0.12466124661246612,0.11924119241192412,-0.008517615176151763,cutter (FC),1751,0.2107367218732153,True,5
Noah Cameron,CH,337,81.29584569732938,0.20474777448071216,0.11275964391691394,0.003178041543026708,changeup (CH),1751,0.19246145059965733,True,5
Noah Cameron,CU,336,80.84642857142858,0.13095238095238096,0.12797619047619047,0.016092261904761904,curveball (CU),1751,0.19189034837235866,True,5
Noah Cameron,SL,252,84.10833333333333,0.1626984126984127,0.11507936507936507,0.012182539682539682,slider (SL),1751,0.143917761279269,True,5
Patrick Corbin,SL,681,80.38898678414097,0.17474302496328928,0.08957415565345081,-0.012265785609397943,slider (SL),2055,0.33138686131386863,True,5
Patrick Corbin,SI,594,91.57424242424243,0.058922558922558925,0.11952861952861953,0.0037003367003366986,sinker (SI),2055,0.28905109489051095,True,5
Patrick Corbin,FC,517,87.54526112185687,0.1276595744680851,0.10638297872340426,0.019220502901353964,cutter (FC),2055,0.25158150851581507,True,5
Patrick Corbin,CH,202,81.45495049504952,0.17326732673267325,0.11386138613861387,-0.018069306930693068,changeup (CH),2055,0.09829683698296837,True,5
Patrick Corbin,FF,49,91.16122448979591,0.061224489795918366,0.04081632653061224,-0.0196734693877551,4-seam fastball (FF),2055,0.023844282238442822,True,5
Patrick Corbin,CU,12,69.075,0.16666666666666666,0.08333333333333333,-0.0055000000000000005,curveball (CU),2055,0.00583941605839416,False,5
Paul Skenes,FF,928,98.18642241379311,0.15948275862068967,0.08405172413793104,0.020118534482758618,4-seam fastball (FF),2357,0.39372083156554943,True,7
Paul Skenes,ST,384,84.48151041666667,0.14322916666666666,0.125,0.014859375000000001,sweeper (ST),2357,0.16291896478574458,True,7
Paul Skenes,FS,312,93.6926282051282,0.12179487179487179,0.11538461538461539,0.008567307692307692,splitter (FS),2357,0.13237165888841748,True,7
Paul Skenes,CH,254,88.7759842519685,0.23228346456692914,0.1377952755905512,0.03281496062992126,changeup (CH),2357,0.10776410691557065,True,7
Paul Skenes,SI,243,97.61069958847737,0.0823045267489712,0.13991769547325103,0.021263374485596707,sinker (SI),2357,0.103097157403479,True,7
Paul Skenes,SL,128,85.234375,0.1171875,0.0859375,0.0021796874999999998,slider (SL),2357,0.054306321595248196,True,7
Paul Skenes,CU,108,83.97407407407408,0.14814814814814814,0.05555555555555555,-0.04268518518518518,curveball (CU),2357,0.04582095884599067,True,7
Quinn Priester,SI,800,93.896,0.05875,0.1225,0.008446249999999999,sinker (SI),1976,0.4048582995951417,True,5
Quinn Priester,SL,543,86.07550644567219,0.16390423572744015,0.1252302025782689,-0.0006114180478821366,slider (SL),1976,0.27479757085020245,True,5
Quinn Priester,FC,408,92.28063725490196,0.11764705882352941,0.0857843137254902,-0.001019607843137254,cutter (FC),1976,0.20647773279352227,True,5
Quinn Priester,CU,194,80.9077319587629,0.17010309278350516,0.08247422680412371,0.0012113402061855662,curveball (CU),1976,0.09817813765182186,True,5
Quinn Priester,CH,31,88.38709677419355,0.0967741935483871,0.0967741935483871,-0.07119354838709677,changeup (CH),1976,0.01568825910931174,True,5
Randy Vásquez,FC,439,90.20865603644647,0.08200455580865604,0.13439635535307518,-0.006366742596810935,cutter (FC),1753,0.2504278379920137,True,7
Randy Vásquez,FF,376,93.4473404255319,0.06382978723404255,0.0851063829787234,0.017981382978723405,4-seam fastball (FF),1753,0.21448944666286365,True,7
Randy Vásquez,SI,329,93.11428571428571,0.03951367781155015,0.14893617021276595,0.022638297872340427,sinker (SI),1753,0.1876782658300057,True,7
Randy Vásquez,CU,227,81.24757709251102,0.06607929515418502,0.10572687224669604,-0.008035242290748899,curveball (CU),1753,0.12949229891614375,True,7
Randy Vásquez,ST,223,82.1506726457399,0.09865470852017937,0.14349775784753363,-0.018650224215246636,sweeper (ST),1753,0.12721049629207073,True,7
Randy Vásquez,CH,124,86.99112903225806,0.07258064516129033,0.12903225806451613,-0.015862903225806448,changeup (CH),1753,0.07073588134626355,True,7
Randy Vásquez,SL,35,85.92857142857143,0.11428571428571428,0.17142857142857143,-0.0024571428571428557,slider (SL),1753,0.019965772960638905,True,7
Ranger Suarez,SI,562,90.07722419928825,0.028469750889679714,0.11209964412811388,0.0048042704626334535,sinker (SI),1961,0.2865884752677206,True,6
Ranger Suarez,CH,378,79.48015873015873,0.19047619047619047,0.17195767195767195,0.009976190476190475,changeup (CH),1961,0.19275879653238143,True,6
Ranger Suarez,FC,332,86.3671686746988,0.11746987951807229,0.12650602409638553,-0.002783132530120481,cutter (FC),1961,0.16930137684854665,True,6
Ranger Suarez,CU,322,73.93043478260869,0.12111801242236025,0.14906832298136646,0.02068944099378882,curveball (CU),1961,0.16420193778684344,True,6
Ranger Suarez,FF,285,91.34912280701755,0.0912280701754386,0.07368421052631578,-0.0039719298245614034,4-seam fastball (FF),1961,0.14533401325854156,True,6
Ranger Suarez,SL,82,79.60243902439024,0.23170731707317074,0.04878048780487805,0.013841463414634146,slider (SL),1961,0.041815400305966345,True,6
Robbie Ray,FF,1247,93.56832397754611,0.12510024057738572,0.10184442662389735,0.00821411387329591,4-seam fastball (FF),2430,0.5131687242798354,True,4
Robbie Ray,SL,561,87.90819964349376,0.1568627450980392,0.10160427807486631,0.0060659536541889485,slider (SL),2430,0.2308641975308642,True,4
Robbie Ray,CH,306,84.90065359477124,0.17320261437908496,0.06535947712418301,-0.0029999999999999996,changeup (CH),2430,0.1259259259259259,True,4
Robbie Ray,KC,304,81.24506578947368,0.13815789473684212,0.0756578947368421,-0.01748684210526316,knuckle curve (KC),2430,0.12510288065843622,True,4
Robbie Ray,ST,10,79.96000000000001,0.1,0.1,0.025499999999999995,sweeper (ST),2430,0.00411522633744856,False,4
Robbie Ray,SI,2,94.0,0.0,0.0,-0.0745,sinker (SI),2430,0.0008230452674897119,False,4
Ryan Pepiot,FF,992,95.20191532258065,0.12701612903225806,0.08366935483870967,-0.007252016129032258,4-seam fastball (FF),2183,0.45442052221713236,True,6
Ryan Pepiot,CH,550,86.76781818181819,0.16,0.12545454545454546,-0.0003236363636363623,changeup (CH),2183,0.25194686211635364,True,6
Ryan Pepiot,SL,389,89.04061696658098,0.11311053984575835,0.10282776349614396,-0.0075475578406169665,slider (SL),2183,0.17819514429683922,True,6
Ryan Pepiot,FC,133,91.5375939849624,0.12781954887218044,0.08270676691729323,0.022383458646616543,cutter (FC),2183,0.06092533211177279,True,6
Ryan Pepiot,CU,63,80.7904761904762,0.09523809523809523,0.06349206349206349,0.01053968253968254,curveball (CU),2183,0.02885936784241869,True,6
Ryan Pepiot,SI,55,94.78545454545454,0.01818181818181818,0.09090909090909091,0.01250909090909091,sinker (SI),2183,0.025194686211635363,True,6
Ryan Pepiot,PO,1,95.1,0.0,0.0,-0.017,PO (PO),2183,0.0004580852038479157,False,6
Ryne Nelson,FF,1233,95.66528791565288,0.10543390105433902,0.10462287104622871,0.017821573398215735,4-seam fastball (FF),1971,0.6255707762557078,True,5
Ryne Nelson,SL,284,86.60950704225351,0.13028169014084506,0.09859154929577464,-0.0007711267605633806,slider (SL),1971,0.14408929477422627,True,5
Ryne Nelson,CU,208,80.06778846153846,0.11057692307692307,0.09615384615384616,-0.012100961538461538,curveball (CU),1971,0.10553018772196854,True,5
Ryne Nelson,FC,195,90.97230769230768,0.08717948717948718,0.11282051282051282,0.00857948717948718,cutter (FC),1971,0.0989345509893455,True,5
Ryne Nelson,CH,51,86.92745098039217,0.058823529411764705,0.0392156862745098,-0.01731372549019608,changeup (CH),1971,0.0258751902587519,True,5
Sandy Alcantara,SI,604,97.16490066225165,0.06291390728476821,0.1357615894039735,0.017352649006622516,sinker (SI),2311,0.26135871916919085,True,5
Sandy Alcantara,CH,522,90.44904214559388,0.15134099616858238,0.1360153256704981,0.0022911877394636002,changeup (CH),2311,0.2258762440501947,True,5
Sandy Alcantara,FF,401,97.7428927680798,0.09476309226932668,0.09226932668329177,-0.007134663341645885,4-seam fastball (FF),2311,0.1735179575941151,True,5
Sandy Alcantara,FC,392,89.28010204081633,0.12244897959183673,0.08163265306122448,-0.002892857142857143,cutter (FC),2311,0.1696235395932497,True,5
Sandy Alcantara,SL,392,85.21556122448979,0.07908163265306123,0.09183673469387756,-0.019977040816326532,slider (SL),2311,0.1696235395932497,True,5
Sean Burke,FF,832,94.44963942307693,0.125,0.0889423076923077,-0.00425,4-seam fastball (FF),1886,0.4411452810180276,True,5
Sean Burke,KC,431,79.69419953596287,0.0951276102088167,0.06496519721577726,0.0021856148491879355,knuckle curve (KC),1886,0.22852598091198303,True,5
Sean Burke,SL,416,86.58028846153846,0.14182692307692307,0.13221153846153846,-0.015033653846153848,slider (SL),1886,0.2205726405090138,True,5
Sean Burke,CH,123,85.65040650406505,0.13008130081300814,0.11382113821138211,-0.03371544715447155,changeup (CH),1886,0.06521739130434782,True,5
Sean Burke,SI,84,94.02261904761905,0.047619047619047616,0.17857142857142858,-0.011392857142857142,sinker (SI),1886,0.044538706256627786,True,5
Seth Lugo,FF,397,91.75617128463476,0.05037783375314862,0.11335012594458438,-0.009528967254408062,4-seam fastball (FF),1933,0.20538023797206414,True,9
Seth Lugo,CU,346,78.9135838150289,0.11271676300578035,0.08092485549132948,0.0012947976878612709,curveball (CU),1933,0.17899637868598034,True,9
Seth Lugo,SI,291,91.28247422680413,0.061855670103092786,0.12027491408934708,0.0008659793814432981,sinker (SI),1933,0.15054319710294878,True,9
Seth Lugo,FC,270,89.29444444444445,0.10740740740740741,0.08518518518518518,-0.02611851851851852,cutter (FC),1933,0.1396792550439731,True,9
Seth Lugo,CH,192,86.23854166666666,0.109375,0.10416666666666667,-0.014901041666666668,changeup (CH),1933,0.09932747025349198,True,9
Seth Lugo,SV,191,79.01518324607329,0.07853403141361257,0.10471204188481675,-0.01686387434554974,slurve (SV),1933,0.09881013967925505,True,9
Seth Lugo,SL,104,83.10192307692309,0.15384615384615385,0.11538461538461539,0.032740384615384616,slider (SL),1933,0.05380237972064149,True,9
Seth Lugo,CS,91,71.24175824175825,0.12087912087912088,0.17582417582417584,0.011065934065934067,CS (CS),1933,0.0470770822555613,True,9
Seth Lugo,ST,41,80.64390243902439,0.07317073170731707,0.0975609756097561,-0.04131707317073171,sweeper (ST),1933,0.021210553543714435,True,9
Seth Lugo,FS,10,83.88,0.2,0.1,-0.006999999999999999,splitter (FS),1933,0.005173305742369374,False,9
Shane Baz,FF,955,96.9620942408377,0.1162303664921466,0.06806282722513089,0.005525654450261779,4-seam fastball (FF),2172,0.43968692449355434,True,5
Shane Baz,KC,585,85.01247863247863,0.13846153846153847,0.11794871794871795,-0.0021196581196581206,knuckle curve (KC),2172,0.26933701657458564,True,5
Shane Baz,FC,327,90.23119266055045,0.1437308868501529,0.12538226299694188,-0.01389296636085627,cutter (FC),2172,0.1505524861878453,True,5
Shane Baz,CH,239,89.25899581589958,0.13389121338912133,0.15481171548117154,0.00030543933054393284,changeup (CH),2172,0.11003683241252302,True,5
Shane Baz,SL,66,86.73484848484848,0.09090909090909091,0.10606060606060606,-0.07133333333333332,slider (SL),2172,0.03038674033149171,True,5
Shane Smith,FF,874,95.66018306636155,0.12013729977116705,0.09610983981693363,0.018314645308924488,4-seam fastball (FF),1939,0.45074780814853016,True,5
Shane Smith,CH,330,89.9509090909091,0.16666666666666666,0.1,0.002809090909090909,changeup (CH),1939,0.1701908200103146,True,5
Shane Smith,CU,280,82.06892857142857,0.18571428571428572,0.03214285714285714,-0.038425,curveball (CU),1939,0.1444043321299639,True,5
Shane Smith,SI,243,95.69135802469135,0.09053497942386832,0.1440329218106996,0.015,sinker (SI),1939,0.12532233109850438,True,5
Shane Smith,SL,210,89.51142857142858,0.11904761904761904,0.12380952380952381,-0.0279,slider (SL),1939,0.10830324909747292,True,5
Shane Smith,ST,2,87.69999999999999,0.5,0.0,0.1355,sweeper (ST),1939,0.0010314595152140279,False,5
Shota Imanaga,FF,825,90.83054545454546,0.07393939393939394,0.11151515151515151,-0.017079999999999998,4-seam fastball (FF),1713,0.4816112084063047,True,3
Shota Imanaga,FS,548,82.98959854014599,0.19343065693430658,0.15328467153284672,0.014779197080291972,splitter (FS),1713,0.31990659661412724,True,3
Shota Imanaga,ST,277,80.43646209386281,0.16967509025270758,0.06859205776173286,0.021270758122743684,sweeper (ST),1713,0.16170461179217746,True,3
Shota Imanaga,CU,28,71.67142857142856,0.03571428571428571,0.03571428571428571,-0.0058214285714285685,curveball (CU),1713,0.01634559252772913,False,3
Shota Imanaga,SI,22,88.25454545454545,0.09090909090909091,0.13636363636363635,0.019136363636363635,sinker (SI),1713,0.01284296555750146,False,3
Shota Imanaga,SL,13,81.65384615384616,0.3076923076923077,0.15384615384615385,0.046384615384615385,slider (SL),1713,0.007589025102159953,False,3
Slade Cecconi,FF,690,94.32898550724637,0.08840579710144927,0.08405797101449275,-0.0027492753623188414,4-seam fastball (FF),1648,0.4186893203883495,True,6
Slade Cecconi,SL,308,84.20941558441558,0.17857142857142858,0.12987012987012986,-0.014084415584415585,slider (SL),1648,0.18689320388349515,True,6
Slade Cecconi,CU,278,75.41978417266188,0.13309352517985612,0.11510791366906475,0.010107913669064748,curveball (CU),1648,0.16868932038834952,True,6
Slade Cecconi,SI,187,93.56684491978609,0.0213903743315508,0.13903743315508021,-0.008946524064171122,sinker (SI),1648,0.11347087378640777,True,6
Slade Cecconi,CH,131,84.22671755725192,0.09923664122137404,0.08396946564885496,-0.008862595419847326,changeup (CH),1648,0.07949029126213593,True,6
Slade Cecconi,FC,52,88.89807692307691,0.07692307692307693,0.17307692307692307,-0.026115384615384617,cutter (FC),1648,0.03155339805825243,True,6
Slade Cecconi,ST,2,83.6,0.0,0.0,0.027,sweeper (ST),1648,0.0012135922330097086,False,6
Sonny Gray,FF,476,91.73046218487394,0.07983193277310924,0.12605042016806722,-0.006451680672268908,4-seam fastball (FF),2189,0.21745089081772498,True,7
Sonny Gray,ST,411,85.12311435523114,0.24087591240875914,0.1192214111922141,0.013530413625304136,sweeper (ST),2189,0.187756966651439,True,7
Sonny Gray,CU,408,80.28627450980392,0.14215686274509803,0.06862745098039216,0.006524509803921569,curveball (CU),2189,0.18638647784376428,True,7
Sonny Gray,SI,395,92.3820253164557,0.06582278481012659,0.12658227848101267,-0.01132658227848101,sinker (SI),2189,0.1804476930105071,True,7
Sonny Gray,FC,279,87.86272401433692,0.11469534050179211,0.1003584229390681,0.009555555555555553,cutter (FC),2189,0.12745545911375056,True,7
Sonny Gray,CH,179,86.2167597765363,0.10614525139664804,0.09497206703910614,-0.01378212290502793,changeup (CH),2189,0.081772498857926,True,7
Sonny Gray,SL,39,84.42564102564103,0.1794871794871795,0.10256410256410256,0.016948717948717943,slider (SL),2189,0.017816354499771585,True,7
Sonny Gray,CS,2,74.9,0.5,0.0,0.0010000000000000009,CS (CS),2189,0.0009136592051164915,False,7
Spencer Strider,FF,864,95.52349537037037,0.0775462962962963,0.1111111111111111,0.001509259259259259,4-seam fastball (FF),1688,0.5118483412322274,True,4
Spencer Strider,SL,602,84.09916943521594,0.22591362126245848,0.07807308970099668,-0.0005980066445182723,slider (SL),1688,0.3566350710900474,True,4
Spencer Strider,CU,148,78.34527027027028,0.18243243243243243,0.05405405405405406,-0.006614864864864865,curveball (CU),1688,0.08767772511848342,True,4
Spencer Strider,CH,74,85.86216216216216,0.13513513513513514,0.10810810810810811,-0.04354054054054054,changeup (CH),1688,0.04383886255924171,True,4
Taijuan Walker,FC,491,87.12830957230143,0.09368635437881874,0.12016293279022404,0.008022403258655804,cutter (FC),1628,0.3015970515970516,True,6
Taijuan Walker,FS,374,87.35240641711229,0.10695187165775401,0.13101604278074866,-0.009093582887700536,splitter (FS),1628,0.22972972972972974,True,6
Taijuan Walker,SI,314,92.04554140127388,0.050955414012738856,0.11464968152866242,0.013130573248407645,sinker (SI),1628,0.1928746928746929,True,6
Taijuan Walker,SL,188,83.51489361702127,0.10638297872340426,0.15425531914893617,-0.002946808510638298,slider (SL),1628,0.11547911547911548,True,6
Taijuan Walker,FF,154,92.21818181818182,0.05844155844155844,0.12337662337662338,0.01874025974025974,4-seam fastball (FF),1628,0.0945945945945946,True,6
Taijuan Walker,CU,107,74.97943925233645,0.08411214953271028,0.06542056074766354,-0.04132710280373832,curveball (CU),1628,0.06572481572481573,True,6
Taj Bradley,FF,718,96.21852367688021,0.09749303621169916,0.09749303621169916,-0.005438718662952648,4-seam fastball (FF),1838,0.3906420021762786,True,5
Taj Bradley,FC,411,89.69172749391728,0.1630170316301703,0.11435523114355231,0.01372749391727494,cutter (FC),1838,0.2236126224156692,True,5
Taj Bradley,FS,280,91.2342857142857,0.11785714285714285,0.15,-0.016103571428571425,splitter (FS),1838,0.15233949945593037,True,5
Taj Bradley,CU,271,81.71107011070112,0.12915129151291513,0.05904059040590406,0.019870848708487085,curveball (CU),1838,0.14744287268770404,True,5
Taj Bradley,SI,158,96.07974683544305,0.08860759493670886,0.14556962025316456,-0.01490506329113924,sinker (SI),1838,0.08596300326441784,True,5
Tanner Bibee,FF,647,94.39551777434312,0.06027820710973725,0.08809891808346214,-0.0012890262751159203,4-seam fastball (FF),2356,0.27461799660441427,True,6
Tanner Bibee,FC,497,86.24346076458752,0.14688128772635814,0.12072434607645875,0.006720321931589537,cutter (FC),2356,0.21095076400679116,True,6
Tanner Bibee,ST,374,82.99144385026737,0.12299465240641712,0.11229946524064172,0.012398395721925132,sweeper (ST),2356,0.15874363327674024,True,6
Tanner Bibee,SI,368,94.11874999999999,0.03260869565217391,0.16304347826086957,-0.010997282608695653,sinker (SI),2356,0.15619694397283532,True,6
Tanner Bibee,CH,355,81.86732394366197,0.19718309859154928,0.11267605633802817,-0.014287323943661973,changeup (CH),2356,0.15067911714770799,True,6
Tanner Bibee,CU,115,79.81304347826087,0.1391304347826087,0.0782608695652174,0.0065652173913043465,curveball (CU),2356,0.04881154499151104,True,6
Tarik Skubal,CH,717,88.05160390516039,0.29428172942817293,0.12831241283124128,0.03692329149232915,changeup (CH),2244,0.3195187165775401,True,5
Tarik Skubal,FF,664,97.55617469879519,0.16716867469879518,0.10843373493975904,0.01060090361445783,4-seam fastball (FF),2244,0.29590017825311943,True,5
Tarik Skubal,SI,534,97.36722846441947,0.08614232209737828,0.10112359550561797,0.015865168539325843,sinker (SI),2244,0.23796791443850268,True,5
Tarik Skubal,SL,266,89.9251879699248,0.11654135338345864,0.10150375939849623,0.018394736842105262,slider (SL),2244,0.11853832442067737,True,5
Tarik Skubal,CU,61,81.30491803278689,0.13114754098360656,0.06557377049180328,-0.011081967213114751,curveball (CU),2244,0.027183600713012478,True,5
Tarik Skubal,FS,2,89.45,0.5,0.5,-0.1115,splitter (FS),2244,0.00089126559714795,False,5
Tomoyuki Sugano,FS,479,87.31002087682673,0.12317327766179541,0.13569937369519833,0.004319415448851774,splitter (FS),2055,0.23309002433090023,True,6
Tomoyuki Sugano,ST,406,83.6832512315271,0.11576354679802955,0.14039408866995073,0.004261083743842365,sweeper (ST),2055,0.19756690997566909,True,6
Tomoyuki Sugano,FF,393,92.7997455470738,0.061068702290076333,0.0737913486005089,-0.01859287531806616,4-seam fastball (FF),2055,0.19124087591240876,True,6
Tomoyuki Sugano,SI,339,92.92507374631268,0.0471976401179941,0.12094395280235988,-0.005681415929203539,sinker (SI),2055,0.16496350364963502,True,6
Tomoyuki Sugano,FC,238,88.07352941176471,0.05042016806722689,0.12605042016806722,0.009210084033613444,cutter (FC),2055,0.11581508515815085,True,6
Tomoyuki Sugano,CU,200,78.1545,0.055,0.06,-0.054240000000000003,curveball (CU),2055,0.09732360097323602,True,6
Tyler Anderson,FF,701,89.28716119828816,0.07560627674750357,0.11840228245363767,-0.007124108416547789,4-seam fastball (FF),1856,0.3776939655172414,True,5
Tyler Anderson,CH,652,78.68819018404908,0.19631901840490798,0.11503067484662577,-0.005064417177914108,changeup (CH),1856,0.35129310344827586,True,5
Tyler Anderson,FC,371,84.32938005390835,0.0889487870619946,0.1509433962264151,-0.01562803234501348,cutter (FC),1856,0.19989224137931033,True,5
Tyler Anderson,SI,64,88.5390625,0.078125,0.109375,-0.07767187500000002,sinker (SI),1856,0.034482758620689655,True,5
Tyler Anderson,SL,64,80.690625,0.140625,0.0625,-0.013203125,slider (SL),1856,0.034482758620689655,True,5
Tyler Anderson,CU,4,69.025,0.0,0.0,-0.039,curveball (CU),1856,0.0021551724137931034,False,5
Walker Buehler,FF,452,93.9533185840708,0.05309734513274336,0.084070796460177,0.001701327433628318,4-seam fastball (FF),1755,0.25754985754985754,True,7
Walker Buehler,FC,297,90.61885521885522,0.11784511784511785,0.12794612794612795,-0.012952861952861952,cutter (FC),1755,0.16923076923076924,True,7
Walker Buehler,SI,282,93.77482269503547,0.03546099290780142,0.08865248226950355,0.021106382978723404,sinker (SI),1755,0.1606837606837607,True,7
Walker Buehler,SL,257,87.47315175097276,0.10505836575875487,0.14396887159533073,-0.0018054474708171207,slider (SL),1755,0.14643874643874644,True,7
Walker Buehler,KC,233,77.46781115879828,0.1072961373390558,0.09012875536480687,-0.030042918454935622,knuckle curve (KC),1755,0.13276353276353275,True,7
Walker Buehler,ST,122,80.82786885245902,0.19672131147540983,0.16393442622950818,-0.011483606557377048,sweeper (ST),1755,0.06951566951566951,True,7
Walker Buehler,CH,112,89.66607142857143,0.08928571428571429,0.125,-0.00824107142857143,changeup (CH),1755,0.06381766381766382,True,7
Will Warren,FF,936,93.25801282051282,0.1047008547008547,0.08333333333333333,0.01116025641025641,4-seam fastball (FF),2270,0.4123348017621145,True,5
Will Warren,SI,476,93.1813025210084,0.0546218487394958,0.1092436974789916,0.012579831932773108,sinker (SI),2270,0.20969162995594715,True,5
Will Warren,ST,476,82.72352941176472,0.11764705882352941,0.0819327731092437,-0.018573529411764704,sweeper (ST),2270,0.20969162995594715,True,5
Will Warren,CH,216,87.01851851851852,0.125,0.1111111111111111,-0.01775925925925926,changeup (CH),2270,0.09515418502202644,True,5
Will Warren,CU,166,80.14578313253013,0.13253012048192772,0.08433734939759036,-0.03347590361445783,curveball (CU),2270,0.07312775330396476,True,5
Yoshinobu Yamamoto,FF,783,95.37381864623244,0.06641123882503193,0.07662835249042145,0.02045338441890166,4-seam fastball (FF),2218,0.3530207394048693,True,6
Yoshinobu Yamamoto,FS,567,90.92486772486772,0.2239858906525573,0.10052910052910052,0.005682539682539683,splitter (FS),2218,0.2556357078449053,True,6
Yoshinobu Yamamoto,CU,387,76.83255813953488,0.165374677002584,0.10852713178294573,0.010527131782945736,curveball (CU),2218,0.1744815148782687,True,6
Yoshinobu Yamamoto,FC,249,91.10240963855422,0.11244979919678715,0.14859437751004015,0.024630522088353413,cutter (FC),2218,0.11226330027051398,True,6
Yoshinobu Yamamoto,SI,174,94.72356321839081,0.06896551724137931,0.09770114942528736,0.010201149425287355,sinker (SI),2218,0.07844905320108206,True,6
Yoshinobu Yamamoto,SL,57,86.36315789473684,0.17543859649122806,0.19298245614035087,0.01675438596491228,slider (SL),2218,0.02569882777276826,True,6
Yoshinobu Yamamoto,ST,1,84.2,0.0,1.0,-0.733,sweeper (ST),2218,0.0004508566275924256,False,6
Yusei Kikuchi,SL,901,87.03374028856825,0.11542730299667037,0.08657047724750278,0.0037536071032186454,slider (SL),2446,0.3683565004088307,True,4
Yusei Kikuchi,FF,847,94.85643447461628,0.11097992916174734,0.06965761511216056,-0.018545454545454546,4-seam fastball (FF),2446,0.3462796402289452,True,4
Yusei Kikuchi,CU,365,79.83232876712329,0.11506849315068493,0.13972602739726028,-0.004671232876712329,curveball (CU),2446,0.14922322158626328,True,4
Yusei Kikuchi,CH,302,85.58344370860928,0.11258278145695365,0.10596026490066225,-0.009460264900662253,changeup (CH),2446,0.12346688470973018,True,4
Yusei Kikuchi,SI,26,92.88846153846154,0.07692307692307693,0.11538461538461539,0.01176923076923077,sinker (SI),2446,0.01062959934587081,False,4
Yusei Kikuchi,ST,5,80.97999999999999,0.4,0.0,0.0386,sweeper (ST),2446,0.002044153720359771,False,4
Zac Gallen,FF,1133,93.52691968225949,0.04942630185348632,0.09443954104148279,0.002210061782877316,4-seam fastball (FF),2543,0.44553676759732597,True,5
Zac Gallen,KC,608,81.07269736842105,0.19901315789473684,0.06743421052631579,-0.009325657894736841,knuckle curve (KC),2543,0.23908769170271332,True,5
Zac Gallen,CH,408,86.31544117647059,0.15196078431372548,0.1323529411764706,0.008816176470588235,changeup (CH),2543,0.16044042469524183,True,5
Zac Gallen,SL,336,88.72916666666667,0.10119047619047619,0.13690476190476192,-0.02667857142857143,slider (SL),2543,0.1321274085725521,True,5
Zac Gallen,SI,55,93.19272727272728,0.10909090909090909,0.10909090909090909,0.017327272727272726,sinker (SI),2543,0.02162799842705466,True,5
Zac Gallen,FC,2,92.4,0.0,0.5,0.214,cutter (FC),2543,0.0007864726700747149,False,5
Zac Gallen,PO,1,91.2,0.0,0.0,-0.027,PO (PO),2543,0.00039323633503735744,False,5
Zack Littell,SL,623,87.28346709470304,0.09470304975922954,0.12520064205457465,-0.012104333868378813,slider (SL),2244,0.27762923351158647,True,5
Zack Littell,FS,616,83.4163961038961,0.1314935064935065,0.14772727272727273,-0.005475649350649351,splitter (FS),2244,0.27450980392156865,True,5
Zack Littell,FF,541,92.11293900184843,0.10166358595194085,0.08133086876155268,0.0049519408502772646,4-seam fastball (FF),2244,0.2410873440285205,True,5
Zack Littell,SI,344,91.48546511627907,0.07267441860465117,0.13953488372093023,0.008389534883720929,sinker (SI),2244,0.1532976827094474,True,5
Zack Littell,ST,120,79.47916666666667,0.06666666666666667,0.11666666666666667,0.019025,sweeper (ST),2244,0.053475935828877004,True,5
Zack Wheeler,FF,778,96.07840616966581,0.16452442159383032,0.06683804627249357,0.012426735218508997,4-seam fastball (FF),1900,0.4094736842105263,True,6
Zack Wheeler,SI,325,95.47107692307692,0.07692307692307693,0.16307692307692306,0.015052307692307693,sinker (SI),1900,0.17105263157894737,True,6
Zack Wheeler,ST,281,83.70533807829182,0.19572953736654805,0.07473309608540925,0.026508896797153025,sweeper (ST),1900,0.14789473684210527,True,6
Zack Wheeler,CU,181,81.12596685082873,0.20441988950276244,0.055248618784530384,0.010082872928176797,curveball (CU),1900,0.09526315789473684,True,6
Zack Wheeler,FC,171,91.84970760233918,0.12280701754385964,0.12280701754385964,-0.011005847953216371,cutter (FC),1900,0.09,True,6
Zack Wheeler,FS,164,87.13658536585366,0.18902439024390244,0.13414634146341464,0.004786585365853659,splitter (FS),1900,0.0863157894736842,True,6
